Status,Power_range_sensor_1,Power_range_sensor_2,Power_range_sensor_3 ,Power_range_sensor_4,Pressure _sensor_1,Pressure _sensor_2,Pressure _sensor_3,Pressure _sensor_4,Vibration_sensor_1,Vibration_sensor_2,Vibration_sensor_3,Vibration_sensor_4
Normal,4.5044,0.7443,6.34,1.9052,29.5315,0.8647,2.2044,6.048,14.4659,21.648,15.3429,1.2186
Normal,4.4284,0.9073,5.6433,1.6232,27.5032,1.4704,1.9929,5.9856,20.8356,0.0646,14.8813,7.3483
Normal,4.5291,1.0199,6.113,1.0565,26.4271,1.9247,1.942,6.7162,5.3358,11.0779,25.0914,9.2408
Normal,5.1727,1.0007,7.8589,0.2765,25.1576,2.609,2.9234,6.7485,1.9017,1.8463,28.664,4.0157
Normal,5.2258,0.6125,7.9504,0.1547,24.0765,3.2113,4.4563,5.8411,0.5077,9.37,34.8122,13.4966
Normal,4.8834,0.5786,5.6021,0.5942,21.0365,2.6275,4.3996,5.3487,3.6465,9.3793,36.2431,11.124
Normal,5.7422,0.8862,5.1013,0.9402,15.5171,2.92,2.7061,5.0366,9.1854,9.1116,27.3162,2.8526
Normal,6.5076,0.5438,7.153,0.6711,11.1481,4.2967,3.5731,4.6123,14.7705,8.0038,24.9714,2.1417
Normal,5.625,0.0403,7.7087,0.3214,8.7975,2.3293,4.788,5.203,4.3388,2.4187,20.9187,2.1233
Normal,4.9942,0.4092,6.2604,0.6931,6.189,0.1537,2.4934,5.6573,9.8132,13.3581,23.5036,0.7478
Normal,5.9079,0.9229,5.3613,0.3516,4.0913,1.1409,1.4172,4.4551,8.1422,9.8039,20.7987,0.1108
Normal,6.4215,0.5978,5.5765,1.1847,1.3588,2.2807,2.8529,4.5002,0.997,8.7331,27.2793,2.114
Normal,5.9253,0.2161,6.2439,0.8835,4.0169,1.3687,3.9973,5.3891,18.1585,14.4843,25.4514,5.9267
Normal,5.5783,0.6262,6.3556,0.6747,9.9827,1.3455,5.7394,4.1904,16.6814,16.8661,23.3743,2.6033
Normal,5.495,0.4971,5.2286,1.1902,14.9418,1.6808,6.9821,2.7535,11,16.3399,7.136,6.4898
Normal,5.6332,0.5182,4.3826,1.8375,19.1719,2.3223,6.841,3.5384,13.7643,20.014,4.0804,20.5402
Normal,5.8438,1.1902,5.1022,2.0297,20.4563,3.9257,9.0478,3.8586,12.3057,17.4384,29.7256,21.8234
Normal,5.4053,1.8027,5.9399,1.5262,18.5719,3.669,11.0384,3.5604,10.6625,10.4963,24.8606,16.2476
Normal,5.2075,1.4804,5.8466,1.1105,16.7172,2.6032,8.9125,4.2609,20.7064,7.893,7.0806,24.1498
Normal,6.0489,0.9576,5.3467,1.5335,15.4675,3.7974,7.7415,4.0424,23.3928,3.3972,17.54,27.5655
Normal,6.4261,1.2891,4.8642,1.8054,14.7286,4.4967,8.8096,3.5881,13.9304,5.6036,16.3583,17.023
Normal,5.95,2.1762,5.1691,1.4731,13.0772,3.1489,7.8826,3.8286,19.7832,15.1028,0.3693,18.6755
Normal,5.7156,2.6184,5.5893,1.6351,7.2155,2.231,6.6954,3.0414,18.5093,9.3423,19.9033,10.2747
Normal,5.5472,2.6926,4.8669,2.3172,0.2678,2.1027,7.708,1.5848,19.3678,9.8962,14.4566,12.6657
Normal,5.1846,3.2327,4.5062,2.6871,3.4962,1.5004,8.3022,2.0773,24.2329,6.2221,3.8311,16.8568
Normal,4.9384,4.1675,5.6369,2.5845,3.8532,1.5918,9.6893,2.6529,20.3648,0.9509,9.9516,22.4142
Normal,4.7827,4.7452,6.7557,2.406,1.7654,1.5663,12.1851,1.6842,24.9714,2.0402,9.5547,43.2314
Normal,4.758,4.9228,6.4947,2.6715,0.4711,1.3999,12.3296,0.7687,31.4981,4.1911,3.6834,40.425
Normal,4.3707,5.3229,5.6644,2.9471,2.425,1.9732,11.6441,0.7525,31.1842,4.0896,6.2036,21.8327
Normal,3.4204,6.0416,6.0992,2.4609,4.1657,1.7513,12.1943,1.6114,26.0976,3.7111,6.2775,15.3706
Normal,3.4067,6.4297,7.7444,1.9949,4.8649,1.7987,12.1481,1.5097,27.5747,7.1175,6.7113,30.7042
Normal,4.4907,6.4764,8.1088,2.634,6.5361,3.298,11.3458,0.0116,12.7303,6.4436,2.5294,12.9796
Normal,4.5383,6.8188,6.7584,3.4195,7.4436,3.4332,11.1782,0.2936,11.0317,6.8867,3.231,18.7862
Normal,3.3801,7.5375,6.2759,3.1348,7.2948,1.9189,11.5273,0.6716,20.291,10.4409,9.2223,29.661
Normal,2.8629,7.9019,7.4167,2.5232,7.7957,0.7803,12.1527,0.6462,14.0504,8.0684,12.8042,9.7208
Normal,3.2712,7.8314,8.3066,2.579,9.3182,0.667,11.6475,0.1572,7.4776,3.7849,9.6285,4.1819
Normal,3.6456,7.9056,8.2068,2.8931,12.4821,1.5502,11.1909,0.2381,13.7273,3.2034,13.6904,22.4235
Normal,3.7765,8.2022,8.2141,2.785,16.5386,2.6009,12.2463,0.4335,12.3426,6.3052,6.3513,11.1517
Normal,3.7646,8.399,8.5181,2.5626,17.7784,2.7581,12.6475,0.3896,11.5672,2.4002,15.6475,19.5248
Normal,3.6035,8.3688,8.2333,2.5104,16.499,2.2634,11.1563,0.2971,3.2495,12.1949,21.1126,16.2568
Normal,3.9029,8.1802,8.183,2.3987,14.9468,3.113,10.5598,0.2381,5.3266,7.893,9.8778,2.1048
Normal,4.7177,8.1509,9.2725,2.0535,14.3417,4.6297,10.8511,0.897,2.7695,3.3788,15.7491,9.6839
Normal,4.9384,8.5904,9.9609,1.6562,15.6956,4.6401,11.0846,1.0635,6.5452,6.6744,19.6171,11.9364
Normal,4.313,9.0179,9.1983,1.4008,18.1503,3.5847,10.9678,0.6959,10.8194,2.0217,19.2663,10.7179
Normal,3.9359,8.8934,8.259,1.4896,19.6381,2.8183,9.8962,0.5815,1.5601,4.9112,13.6627,18.5739
Normal,4.3607,8.6948,8.2718,1.9208,18.7752,3.1408,8.6663,0.5213,1.514,7.136,20.3741,21.2788
Normal,5.1352,8.811,8.8394,2.1854,16.8114,3.6794,8.5646,0.2601,9.8316,12.7119,4.8096,13.0165
Normal,5.6131,9.0033,8.92,2.1671,16.0229,3.8378,9.1703,0.6577,5.0866,11.2441,6.1298,30.5011
Normal,5.3366,8.9108,8.3002,2.1323,15.7799,3.0795,8.9114,0.6693,0.3416,14.8444,5.8067,33.446
Normal,4.7406,8.5373,7.5906,2.0627,13.8012,2.4368,8.2432,0.3167,7.2191,17.3461,1.4217,24.0113
Normal,4.8413,8.1445,7.1329,2.3099,10.2902,2.7801,7.982,0.1838,7.8653,6.6929,6.0374,23.6605
Normal,5.4465,7.9514,7.3856,2.7008,6.3824,3.5569,7.9658,0.0879,2.7048,5.8251,4.6619,22.1281
Normal,5.6946,8.0191,8.3542,2.5131,2.911,3.9696,7.8872,0.6312,0.0831,3.2772,7.3853,18.8232
Normal,5.4401,7.9275,8.5107,1.9775,0.5108,3.7881,7.1427,0.6554,3.3695,0.7385,8.8161,19.6448
Normal,4.9503,7.5916,7.7463,1.7551,2.8217,2.8761,5.2747,0.6947,10,2.2525,3.3695,15.9798
Normal,4.6298,7.3947,7.8378,1.799,7.8255,2.0079,3.8968,1.6947,4.8743,10.3209,14.7059,13.5058
Normal,4.5767,7.3654,8.3011,2.1002,12.3978,1.608,4.0482,2.0449,9.8962,6.656,14.0228,14.512
Normal,4.7781,7.2684,7.9092,2.5882,12.9681,0.8577,4.2031,1.0589,15.3798,15.8229,2.3448,8.1792
Normal,5.1416,7.1631,7.6437,2.9132,6.6154,0.6011,4.1384,0.0462,5.9082,12.7396,0.48,3.508
Normal,4.8111,7.2711,7.8287,2.7383,3.3226,0.652,4.2898,0.1433,7.3,4.1727,9.4808,16.5707
Normal,3.6209,7.4982,8.205,1.9684,6.9328,0.4844,4.6146,1.1837,12.758,9.1854,2.2433,20.5864
Normal,3.1064,7.5458,9.1113,1.4053,0.0248,1.1479,4.9741,1.7779,3.3234,9.37,10.3394,9.5731
Normal,3.577,7.3379,9.4134,1.799,11.2522,0.3826,5.3464,1.275,5.5943,0.0739,5.2158,18.2047
Normal,3.9478,7.3087,8.9401,2.2797,15.5071,2.0206,6.0261,1.297,3.2587,5.8436,13.2288,15.4536
Normal,3.6996,7.6694,9.2825,1.9666,8.1924,2.5466,6.5578,2.0264,9.1208,1.1909,22.045,1.5971
Normal,3.2767,7.8973,9.9966,1.3925,3.2978,2.7373,6.0376,2.0137,10.1547,1.3201,14.3643,0.1846
Normal,3.5651,7.6291,10.2887,1.1398,8.0685,3.335,4.7776,1.7097,11.124,5.5574,11.3641,10.4132
Normal,4.5813,7.4167,10.622,1.5372,2.4597,4.0702,4.0413,2.2761,5.2343,11.6687,13.5981,9.4347
Normal,5.105,7.576,10.4837,2.0636,8.1429,4.4008,5.4735,2.4229,7.9576,10.3855,11.5856,28.3224
Normal,4.823,7.8845,10.3281,1.8182,11.9019,2.794,6.8318,2.3004,3.2126,12.9427,4.6804,23.9005
Normal,4.1858,8.0988,10.502,1.1215,5.331,0.4693,6.5694,2.4403,6.1575,10.9025,2.5571,10.127
Normal,3.7408,8.1409,10.1505,0.9915,2.5291,0.1688,6.6618,2.268,9.6008,6.5083,6.896,7.773
Normal,3.7976,8.1692,9.8978,1.5463,3.8681,0.148,8.2201,1.8519,8.5854,5.7605,7.3576,30.6765
Normal,4.1364,8.367,10.0012,2.243,0.4066,0.4809,9.6292,1.9628,9.2316,7.9853,6.9606,25.4791
Normal,4.4614,8.5245,10.1889,2.5003,3.8483,1.5814,10.6361,1.9467,4.3388,18.5001,16.4414,22.9681
Normal,4.3314,8.6536,10.7593,2.1698,0.2777,2.3062,10.5737,1.5213,6.5729,9.1485,16.5707,25.7007
Normal,3.3719,8.7158,10.1825,1.8018,9.0752,1.7004,9.0339,1.9362,0.2031,10.0439,18.6755,10.8933
Normal,2.7841,8.3688,8.9548,1.6461,16.8808,1.8334,7.8675,2.8148,10.6163,7.4314,11.2071,27.3716
Normal,3.7683,8.1619,10.1999,1.8008,18.3537,3.6193,8.0086,2.8784,13.0719,12.0657,7.2837,19.3863
Normal,4.6298,8.7524,11.6299,2.1194,13.4193,4.2609,9.0524,2.4437,12.278,9.6747,5.0681,5.9082
Normal,3.8882,9.4107,10.5103,1.9189,7.8701,2.4865,9.5645,2.5339,3.8496,6.7298,18.3247,23.4297
Normal,3.1577,9.202,9.9335,1.387,8.8768,1.0612,9.064,2.0622,9.5454,10.0993,12.0195,16.7922
Normal,3.7253,8.6874,10.567,1.4832,14.6294,1.2057,7.8178,1.2635,14.0597,1.7078,9.1485,15.6106
Normal,4.2178,8.7808,10.286,1.7505,18.6016,1.3086,7.404,1.5895,2.1417,11.124,1.9202,18.0662
Normal,3.7949,9.2789,10.2933,1.2506,17.1089,1.1698,9.4477,1.6484,15.3059,5.5851,4.8373,17.78
Normal,3.4259,9.3439,11.0834,0.4065,11.1282,0.7942,10.5494,1.1282,1.9479,3.4618,8.2623,12.0841
Normal,3.7015,8.9932,11.1795,0.2802,5.3757,0.4531,10.1517,0.7086,3.6742,23.1989,6.7298,16.9492
Normal,4.1016,8.7662,10.6174,0.6271,3.5854,1.6588,10.9424,0.3907,10.9117,8.8992,10.4132,20.7341
Normal,4.259,8.8998,10.4819,0.5969,4.3144,2.616,11.6672,0.9109,8.2899,4.0804,11.6595,24.2144
Normal,3.9047,9.2706,10.827,0.1877,5.7179,1.7062,11.2568,1.4045,6.3698,9.5824,3.1849,20.6972
Normal,2.709,9.4492,10.8307,0.2216,6.2981,0.4878,10.4477,1.9975,9.7393,1.9017,2.8895,11.3641
Normal,1.8118,9.147,10.5038,0.3717,4.3789,0.3445,8.9946,2.6726,2.0956,10.5517,0.2677,22.9404
Normal,2.4197,8.9026,10.5524,0.1712,2.1027,1.5617,7.8444,2.1212,5.022,21.6665,0.48,25.6638
Normal,3.3124,9.0463,10.6631,1.062,1.453,2.572,7.597,1.475,2.2617,18.6201,1.6709,16.543
Normal,2.9242,9.2377,10.6155,1.2506,0.3273,1.7837,8.2143,1.1433,2.6402,8.2899,20.0417,17.4754
Normal,1.6333,9.2532,10.4947,0.7919,1.2943,0.4196,8.7738,0.682,3.988,16.5984,13.4689,12.7673
Normal,0.6262,9.0225,9.4519,0.8633,1.0662,1.8565,7.9265,0.504,8.5484,20.1617,1.6617,2.3448
Normal,0.7059,8.4814,8.0347,1.7752,0.9174,1.8276,6.4815,0.1792,6.4713,17.6785,5.6959,0.0831
Normal,1.8704,8.0273,8.2159,3.0038,4.1508,0.4543,6.4018,1.6207,10.284,14.7059,7.7637,13.4689
Normal,2.8711,8.0164,9.126,3.8947,7.6618,1.3109,7.3439,3.0471,6.3975,0.3877,16.4876,9.3146
Normal,2.7969,8.1464,8.4512,4.3176,9.4669,1.4253,6.893,3.8517,3.1757,2.6402,8.1884,10.0532
Normal,2.0471,7.825,7.0258,4.3872,9.8438,0.1907,4.8192,3.4182,8.8069,2.6125,9.8501,19.7648
Normal,1.7844,7.0468,7.1951,4.6051,10.4488,0.652,3.9419,2.7662,12.1303,0.8031,2.5018,22.765
Normal,2.3767,6.6925,8.2617,5.3018,11.7085,1.9478,3.854,2.9443,1.6248,0.0277,13.1088,14.2905
Normal,2.5763,6.8243,8.0246,6.0553,12.973,2.2067,3.0691,3.165,8.3269,6.1205,10.9302,13.9304
Normal,1.8668,6.5717,6.8683,6.3995,13.4491,1.9293,2.7593,3.2263,20.4295,1.9017,7.0714,3.8219
Normal,1.7505,5.8456,6.6486,6.7163,13.3846,1.964,2.231,3.7396,5.8436,4.1173,5.502,8.7238
Normal,2.3776,5.4813,7.5165,7.121,12.9234,2.031,1.3236,4.0598,5.9267,8.5115,14.1612,33.4921
Normal,2.1973,5.7706,7.7756,7.3618,11.1282,1.7605,2.1628,3.7974,5.4835,12.9519,14.6136,15.5183
Normal,1.6681,5.8282,6.5094,8.0209,8.9264,0.8543,3.335,4.9672,5.6313,10.164,24.7591,9.4254
Normal,2.3959,5.1251,5.2689,9.3329,9.1991,1.3155,2.4252,7.8421,2.7602,15.666,11.8256,24.5652
Normal,3.869,4.7671,5.8163,10.4187,11.4506,3.3997,1.0404,8.8963,0.8124,15.1675,5.6866,27.6855
Normal,4.0787,5.2734,7.088,10.4636,12.8243,3.9303,1.134,8.2213,0.4339,3.1941,7.4683,17.2907
Normal,3.1577,5.5261,7.24,9.9353,13.6375,2.4472,0.5144,8.2571,2.4648,3.508,13.8104,18.1308
Normal,3.2346,4.9164,6.5872,10.1852,15.0311,2.4056,1.2508,9.435,1.0524,4.0896,25.3776,29.1625
Normal,4.6793,4.3927,6.1862,11.38,16.375,4.6343,1.5201,11.1909,1.394,9.9055,33.3629,24.0944
Normal,5.2606,4.736,6.2476,12.2543,16.2857,5.8735,0.6011,11.5597,8.0961,3.3049,20.3556,20.5956
Normal,4.4321,5.4767,6.5021,12.1701,15.5022,5.0354,0.0774,10.5956,2.9264,0.8678,32.9013,4.4127
Normal,3.9267,5.6094,6.6962,11.9925,15.4427,4.4493,0.482,11.7065,11.1979,5.5389,14.9367,13.7643
Normal,4.4449,5.1434,6.7538,12.2726,15.9138,4.7499,0.0844,12.6648,2.7972,8.8531,5.4466,22.7835
Normal,4.8706,5.3055,6.8729,12.7798,17.0792,5.4007,0.363,10.9181,8.0038,11.9641,24.2421,14.9644
Normal,4.4028,6.297,6.9498,13.0627,18.4628,4.9221,2.8055,10.2061,4.4127,28.2024,10.6071,19.1463
Normal,4.1025,6.7886,7.012,13.1644,17.9173,3.1997,5.7394,11.2187,9.3146,18.2877,1.0524,19.5525
Normal,4.8853,6.3702,7.3865,13.6102,15.0509,2.9096,5.1129,11.6002,7.0991,1.754,14.4936,12.7857
Normal,5.8392,6.2018,7.6465,14.3719,12.7152,4.1973,4.5545,11.9296,2.3079,5.0497,23.0512,19.534
Normal,6.0828,6.8088,7.2812,14.8975,12.1548,4.8863,5.403,12.2417,7.1729,12.4995,7.8191,36.0493
Normal,5.7321,7.4973,6.8912,15.0018,12.5168,4.5071,5.5729,12.1018,6.7206,0.12,18.0385,15.666
Normal,5.2798,7.7179,6.9781,15.0366,12.4374,4.395,5.4365,12.3238,4.0527,0.6647,21.8788,16.1645
Normal,5.0784,7.8589,6.9608,15.2957,10.8406,4.5025,4.9788,12.1435,12,4.9297,29.8733,11.7979
Normal,5.1022,8.3368,6.7868,15.8047,7.8552,4.8817,5.6273,12.592,15.1028,2.5848,36.9632,17.54
Normal,5.0748,8.9282,7.067,16.0767,5.1922,4.9522,6.9069,13.8566,2.8802,3.3972,32.9105,29.7533
Normal,4.9878,9.3475,7.4771,15.921,3.6846,4.2112,6.9069,14.0716,11.3456,5.5943,16.2106,26.55
Normal,4.975,9.4839,7.4176,15.7672,3.6896,4.0944,7.7115,13.8716,3.0926,0.9047,26.79,28.1286
Normal,5.4593,9.4684,7.4075,15.9668,3.9127,4.4828,9.2327,14.4739,3.2034,8.1699,44.0346,20.651
Normal,6.3776,9.5746,7.7509,16.1728,1.0712,4.2493,9.4096,14.4982,8.6223,14.8444,36.197,11.5579
Normal,6.6083,9.9298,7.9395,15.7452,4.5128,3.6494,10.3112,14.2959,12.1395,0.8308,36.8432,21.4265
Normal,5.7889,10.1065,8.0621,14.74,9.0256,2.1825,10.6372,13.6774,10.5332,9.01,38.3941,14.6505
Normal,5.3879,9.9207,8.1454,14.2896,11.6886,0.9017,8.812,12.9041,8.253,3.5634,26.6054,8.5115
Normal,5.8072,9.7458,7.9568,14.7061,12.5862,1.8912,8.5877,13.5456,11.6502,3.8865,27.3716,23.2174
Normal,6.1139,9.7842,8.0475,14.9927,11.6837,2.8541,8.3368,13.4983,9.0839,4.8558,38.6987,20.5125
Normal,6.2942,10.0974,8.5446,14.9249,10.9646,3.3338,7.4121,12.8752,17.8815,10.5978,34.6738,4.6066
Normal,6.1945,10.5212,8.5089,14.9158,9.7595,3.7835,8.3993,13.3191,7.3299,8.8069,39.5757,1.8002
Normal,5.5774,10.6448,8.118,14.5724,8.8173,3.654,8.5276,12.5388,8.0776,15.0567,25.5068,1.2463
Normal,5.2441,10.6741,8.7405,13.8226,9.3628,3.454,7.493,10.0673,11.9364,5.6313,15.1305,7.6991
Normal,5.4785,11.098,9.7375,13.4207,8.7776,4.0702,9.4188,9.1865,14.512,12.6749,25.1006,9.5916
Normal,5.4053,11.6592,9.7018,13.2843,8.6685,3.7211,11.2395,9.0917,11.2625,7.6714,29.5687,2.4556
Normal,4.704,11.9284,9.201,12.7716,10.6422,2.105,10.102,7.5173,8.7515,6.3144,26.6885,9.5362
Normal,4.3066,11.9147,9.7073,12.019,9.09,1.171,9.6755,6.1405,11.1056,18.9339,20.0325,8.3084
Normal,5.4263,11.7004,11.4294,11.369,4.9194,1.6993,10.3679,5.4712,10.3117,4.2004,25.7561,5.4189
Normal,6.9635,11.543,12.5345,11.0577,4.4285,2.705,10.2823,4.7106,19.6725,2.8987,28.0917,4.8373
Normal,6.2357,11.6977,11.4093,10.7071,4.8351,1.5247,10.2719,3.4459,17.5307,15.5183,29.8918,1.2001
Normal,3.9661,11.7297,10.264,9.6716,3.6648,0.6416,9.9633,1.8484,6.019,12.4718,34.3414,6.5821
Normal,3.6154,11.2793,11.4496,8.8943,3.5309,0.3063,8.0074,1.4669,10.3209,11.641,23.7805,3.9326
Normal,5.3567,10.6659,12.8018,9.4702,2.9606,2.2773,6.3601,2.3223,6.7021,34.1199,26.6146,0.24
Normal,6.5021,10.5304,12.9456,10.1898,1.3638,4.758,7.5878,2.4865,5.5759,18.1123,37.0832,10.2747
Normal,5.7742,11.1539,13.19,9.6378,0.6744,5.2793,9.6234,1.4311,16.6722,7.9022,31.0458,6.0651
Normal,4.0274,11.5448,13.0902,8.183,0.0446,3.3801,9.5784,0.1006,0.6647,30.815,27.0762,10.0347
Normal,3.2922,10.9552,12.7872,7.0532,0.1141,2.1987,7.8664,1.5455,1.6525,29.7718,30.0764,1.0524
Normal,4.2453,10.5405,13.6304,7.0972,1.9787,3.5477,7.6571,1.7328,13.875,21.9342,27.2424,5.9174
Normal,4.823,11.0751,13.9719,7.9111,3.5755,4.5661,9.9645,0.4855,1.3386,23.1251,14.4012,4.9204
Normal,3.8992,11.6318,12.7194,8.3578,4.4781,2.9847,11.0996,0.3237,9.01,24.8421,28.7009,6.4621
Normal,2.6056,11.6446,11.7206,8.2278,4.0367,0.4497,8.7461,0.0058,22.0542,21.1403,26.1069,5.1051
Normal,1.8182,11.2582,11.7874,8.0795,0.3323,0.8774,6.3867,0.7444,5.0312,34.8676,32.7813,3.508
Normal,2.0883,10.8582,12.7542,8.1903,1.9489,0.1688,6.0989,0.7537,8.3361,21.4542,37.9602,10.764
Normal,2.59,11.2372,13.7769,8.3524,1.1356,1.0242,7.0352,0.2786,12.9796,9.5916,26.8546,17.6785
Normal,1.6827,11.8625,13.0756,8.0795,4.9641,0.2347,8.0548,0.0694,5.7697,22.4696,17.8354,4.7635
Normal,0.8276,11.4771,12.0648,7.4405,5.0385,0.8207,7.3242,0.1075,20.5402,15.8321,17.4015,1.8002
Normal,1.8814,10.6879,13.2202,7.0972,1.3836,0.7248,5.6897,0.3006,24.4729,6.4436,25.396,7.6437
Normal,2.6413,10.7758,14.0982,7.2711,4.0566,2.0935,6.4919,0.0798,0.3416,17.1338,31.6827,6.0651
Normal,1.5536,10.9918,12.2992,7.4222,7.0816,1.6877,7.9149,0.1225,2.6218,16.7738,41.3113,6.4529
Normal,0.8478,10.502,10.925,7.4725,6.67,1.4531,6.7994,0.7942,16.026,7.2468,33.5937,16.5245
Normal,1.4841,10.0012,12.1289,7.3874,5.2319,2.29,5.1683,0.734,0.517,16.7645,35.2092,0.2123
Normal,2.016,10.058,13.4775,7.1988,3.5755,3.157,5.6261,0.3849,6.619,22.1558,38.8557,15.3152
Normal,1.6818,10.1431,12.7066,7.3425,3.8036,2.6842,5.6134,1.0323,12.8042,10.8656,35.6708,6.9975
Normal,1.4749,9.7385,11.0275,7.9651,7.5478,1.8657,3.839,2.268,4.865,2.7879,32.2274,8.8438
Normal,2.2723,9.3494,10.9387,8.4833,10.3596,2.6946,3.498,3.0749,15.4536,0.4339,39.5942,10.2101
Normal,2.8784,9.4949,11.7032,8.6224,9.6653,3.5095,4.054,2.957,11.2441,5.5205,42.1052,4.8281
Normal,2.0059,9.6844,11.2628,8.5291,5.9063,2.0507,3.7222,1.9767,10.7825,20.9464,43.0099,7.1268
Normal,1.279,9.2706,10.5588,8.4613,1.1208,0.7791,3.1859,2.0831,3.4249,21.7773,36.7324,9.3423
Normal,2.1478,8.5272,11.0147,8.6526,2.1324,1.8981,2.8183,3.0402,11.9641,5.3358,23.5497,12.9704
Normal,3.2501,8.2864,11.7554,8.8284,4.0417,3.3408,2.987,2.9142,0.0462,1.4032,19.7925,14.512
Normal,3.2034,8.6673,11.6986,8.7305,4.7607,3.4055,4.9337,2.6957,6.6837,4.0065,21.0757,6.8775
Normal,2.4765,8.8687,10.903,8.768,2.4002,2.8044,6.1844,3.995,18.4354,10.5978,18.2139,19.9217
Normal,2.2998,8.432,10.2081,9.0289,0.1835,2.505,5.0342,5.0712,2.6218,8.8069,22.7558,12.8319
Normal,3.4085,7.9019,10.5258,9.3942,0.367,4.1257,4.3938,5.1799,4.7635,0.9878,25.433,20.2633
Normal,4.8752,7.9376,11.1539,10.0974,0.5951,6.3613,5.2943,6.3914,3.4434,5.7605,25.6268,0.8216
Normal,4.7699,8.3862,10.8948,10.459,1.5076,5.8203,5.8596,7.6675,8.9085,13.9212,35.6154,13.9489
Normal,3.4094,8.6288,10.545,9.9426,0.7786,3.5049,5.1568,7.2676,10.8563,9.0839,23.3651,12.4811
Normal,3.1888,8.2388,11.0468,9.4958,1.8894,2.9662,4.1499,6.9497,9.3793,18.3985,30.6857,3.5634
Normal,4.8788,7.6172,12.0566,10.0461,4.2946,4.4863,3.6644,7.7323,17.42,19.9679,41.8928,7.9761
Normal,6.4453,7.7444,12.5024,11.1621,5.336,6.0873,5.1984,8.9264,1.9386,16.146,28.7748,16.0814
Normal,6.0764,8.2452,11.4386,11.7435,6.5708,5.3649,7.056,9.7922,8.3823,23.9467,15.8506,0.397
Normal,5.2835,8.0988,10.4984,11.5567,7.6916,3.8852,6.4885,9.6292,1.2924,3.1018,20.291,14.8074
Normal,6.0049,7.6007,11.2756,11.5356,8.1131,5.1522,5.7902,9.9379,2.5479,5.8436,39.7788,6.0651
Normal,7.3709,7.6199,11.9998,12.3422,8.1875,7.0768,6.1463,10.7216,0.517,22.7004,38.6803,1.7263
Normal,7.9559,7.9962,11.4835,13.3621,6.675,7.6444,6.5335,11.4453,14.6874,22.8943,38.9018,12.0564
Normal,7.814,8.3157,10.9772,13.873,4.1855,7.7889,7.2468,12.9792,1.7078,11.2441,43.4807,10.884
Normal,7.077,8.2608,10.8911,13.7915,2.7573,7.0375,6.9069,13.4647,6.3329,24.4637,36.6862,1.3847
Normal,6.7676,8.0484,11.2482,13.6826,1.815,6.5324,5.2296,12.5619,14.4105,14.5951,41.7544,12.4257
Normal,7.2427,8.1958,11.7847,14.1312,0.4414,7.1867,4.4852,12.9076,7.5791,13.9858,42.7237,2.4648
Normal,7.4762,8.5849,11.7105,14.6823,3.0697,7.2063,5.4562,13.2936,9.8039,29.9841,51.6783,2.0494
Normal,7.3004,8.9923,11.7078,14.7482,10.1463,6.4642,7.0745,12.9284,6.6006,14.752,47.081,6.4713
Normal,6.8729,9.2349,11.5558,14.762,17.3767,5.4319,7.6641,12.9388,5.2435,12.9334,40.1758,16.0445
Normal,6.7447,8.9282,10.6796,15.3195,21.1655,4.5291,7.0988,13.422,14.3551,29.6333,48.0688,2.271
Normal,7.76,8.5263,11.0129,16.0858,22.6185,5.329,7.4363,14.4577,6.7021,23.1528,41.5328,3.8219
Normal,8.3102,8.9154,12.28,16.3568,22.9706,5.8619,8.7842,14.934,5.3082,29.661,51.3183,7.4222
Normal,6.8738,9.722,11.9788,15.737,22.9607,3.8829,9.6986,14.4265,4.6989,18.3524,47.0902,0.24
Normal,5.5252,9.8465,11.2555,15.0266,24.7162,2.2252,9.5414,14.2358,7.8191,4.4404,48.7057,5.6497
Normal,6.0434,9.2532,11.6885,15.2454,28.2074,3.4795,7.5242,14.6034,7.7637,20.9926,50.5521,3.4526
Normal,7.1603,8.8907,12.269,16.105,29.8637,5.4897,6.4272,14.282,12.8226,16.6999,42.7791,14.5951
Normal,7.1713,9.2871,12.5262,16.3129,28.009,6.2041,7.5658,14.082,5.7882,11.5395,51.0598,13.275
Normal,6.2283,9.6671,12.9337,15.4514,26.0452,5.2435,7.8814,13.9179,1.1724,16.9676,47.5333,8.3546
Normal,5.4044,9.4015,13.3868,14.2978,25.4055,3.5592,6.5832,12.8821,9.3423,25.5991,35.1353,6.2959
Normal,4.9127,9.1562,13.266,13.8052,24.4038,2.9211,6.2723,12.1307,6.8129,9.5362,36.2616,8.6592
Normal,4.715,9.3274,12.4173,14.1129,23.5359,2.9362,7.2479,12.2556,2.8341,16.6814,40.0742,1.6432
Normal,5.0821,9.5361,12.1124,14.6979,23.9971,2.7512,7.8328,12.481,4.6066,13.7181,40.4158,14.5028
Normal,5.3567,9.6085,12.9437,14.4159,23.1392,2.5639,7.2098,11.955,5.5851,1.7909,32.7536,15.4629
Normal,4.8743,9.7073,13.6194,12.9886,19.9654,1.8241,6.6191,10.3309,8.5854,9.2039,45.0223,8.9362
Normal,4.0668,9.6075,12.9474,12.0831,17.1932,0.897,6.5127,9.1021,14.8536,8.6038,53.2384,14.1151
Normal,3.8818,9.1022,11.6245,12.3523,16.5287,1.3213,5.7359,9.1102,2.4925,17.0969,42.816,14.909
Normal,4.4724,8.8477,11.922,12.5244,17.0147,2.5154,5.3649,8.8686,1.6525,3.4988,48.1334,13.515
Normal,4.5035,9.5517,13.526,11.7929,16.6527,3.2356,6.8318,7.8375,8.1792,7.8561,47.7364,6.6929
Normal,3.7244,10.1633,13.7494,10.892,14.7484,3.0922,8.1276,7.7045,0.6924,12.7211,29.661,0.6831
Normal,3.4991,9.5517,12.8,10.7144,12.3135,2.5489,6.2168,8.0444,14.8813,2.4833,31.6181,0.2493
Normal,3.6942,8.6334,12.3734,10.9103,9.9976,2.8899,4.2447,7.7912,4.5696,8.0315,29.9841,12.795
Normal,3.6081,8.6783,12.4338,10.6924,6.7493,3.1396,5.1949,7.2953,5.5482,3.4526,37.6002,12.0195
Normal,3.6154,8.8797,12.4585,10.3656,4.9244,2.0137,5.9359,7.3855,19.017,6.379,49.7397,13.9951
Normal,3.7646,8.2068,12.1307,10.4251,5.827,1.2022,4.4516,7.6017,22.2665,2.5941,42.816,13.3396
Normal,3.717,7.2968,11.4157,10.6302,4.8153,1.0068,3.0529,7.1832,3.2126,7.496,41.0343,1.0801
Normal,3.9001,7.0248,10.9726,10.8966,1.0315,0.8034,2.7304,6.5994,8.0407,1.0616,43.4622,4.745
Normal,4.5612,7.0715,11.1823,11.1273,1.0166,1.1583,2.9096,6.3497,10.1547,6.8129,37.4525,18.2693
Normal,4.6252,7.0935,11.4652,11.0916,2.1126,1.2045,3.5095,5.8712,1.5971,4.0342,20.7895,13.4596
Normal,4.1043,6.9214,11.1511,10.9772,4.2301,0.3584,3.2113,4.9926,9.6839,4.9389,31.6643,11.2256
Normal,4.6051,6.4316,10.5515,11.4706,4.4037,0.9641,2.2403,4.8042,3.6926,10.6348,37.4248,5.1881
Normal,5.4932,6.1441,10.0928,12.2699,1.2993,3.0229,2.0472,5.2284,6.8037,23.4851,36.6032,3.7665
Normal,5.0098,6.373,9.8666,12.0731,2.3407,3.113,1.9663,4.4678,7.7914,10.9209,36.797,3.3788
Normal,3.891,6.568,10.2319,11.1722,3.6003,1.7363,1.7282,3.7141,3.1664,4.1819,43.9884,7.1822
Normal,3.7125,6.5323,10.6311,11.2857,3.2482,2.0565,2.1039,4.8655,2.6864,13.1181,45.1885,15.7952
Normal,4.2297,6.6028,10.145,12.4933,4.2549,3.1142,2.8818,5.9174,5.1604,2.9633,41.6898,26.8085
Normal,4.6646,6.8344,9.6606,13.6707,8.4206,3.3592,4.1603,5.996,4.4404,6.1759,49.075,17.8446
Normal,5.1169,6.9891,9.8959,14.5056,15.4179,3.728,5.7325,6.8769,7.1545,11.161,44.3207,12.158
Normal,5.3458,7.0615,10.1111,14.8636,22.435,3.2043,5.6446,7.8005,7.5237,6.3698,44.3484,31.5258
Normal,4.9036,7.0303,9.8538,14.6411,26.2386,1.9594,4.9291,7.8849,9.2131,1.3201,41.6251,19.7648
Normal,4.8962,6.7758,9.917,14.3729,26.4816,1.9524,4.9233,8.0733,8.3453,9.3977,44.1546,0.3785
Normal,6.1478,6.4307,10.8417,14.7308,25.3113,3.3673,4.2124,8.3357,14.3736,4.4958,52.0937,10.9948
Normal,7.3462,6.4444,11.3214,15.347,25.108,5.1325,3.9696,9.0524,5.3082,0.2954,36.797,15.3521
Normal,7.4112,6.6348,10.9149,15.3223,27.776,6.1694,5.2238,9.8754,0.1108,9.1577,42.0682,19.0447
Normal,7.2702,6.5652,11.1447,14.9387,32.2888,6.3971,4.8111,9.6188,2.5848,4.4681,49.0288,17.0415
Normal,7.9193,6.3904,11.5338,15.2078,34.6146,7.2734,3.5269,10.3864,4.5604,5.7143,26.9192,6.6006
Normal,8.8998,6.2109,11.2912,15.6528,33.1665,8.6894,4.1788,11.8706,5.5574,4.8466,14.3828,12.1672
Normal,9.7275,6.2082,11.8936,15.5667,29.3827,9.116,5.0366,11.8256,9.7116,3.8126,24.436,15.4813
Normal,9.8337,6.6302,12.3798,15.4358,24.6567,8.6351,6.6191,11.9909,9.7116,6.1021,17.3092,1.6894
Normal,9.0976,6.9086,11.1502,15.4413,21.592,7.3878,8.2317,12.7295,3.0556,6.5636,15.3336,12.6934
Normal,8.9108,6.438,10.5368,15.3268,23.0053,6.1162,6.7405,12.4278,1.5786,4.0804,25.8115,24.3344
Normal,9.9463,5.9244,11.4047,15.4019,25.3708,6.0908,4.7892,12.2128,2.6218,8.2899,23.9836,8.3084
Normal,10.8801,6.0489,11.8204,15.5713,23.9079,7.2005,6.0238,13.1064,1.1355,2.9079,14.1705,8.4469
Normal,10.5707,6.4911,11.4185,15.2325,18.5024,6.6965,6.4122,12.7758,0.8862,7.4591,22.765,6.7575
Normal,9.6341,6.5707,11.1539,14.5029,11.4357,5.4446,5.6296,11.8001,1.0432,6.896,15.3613,1.6894
Normal,9.6259,6.2347,11.7316,13.9279,4.969,5.9752,5.5729,11.2487,6.3236,19.414,21.8419,0.6924
Normal,10.6375,6.1862,12.8357,13.8135,1.6762,7.0722,4.8042,10.1055,4.5881,2.0771,23.4943,9.0746
Normal,10.9753,6.676,12.5491,13.8657,2.2961,7.4687,5.6816,10.0084,1.4032,9.7393,12.9057,1.8002
Normal,10.1486,7.077,11.1081,13.4326,4.1061,7.1566,7.8375,10.1379,12.5549,8.9085,12.915,3.1572
Normal,9.7494,6.8225,11.0468,12.757,3.1689,6.6017,6.4827,8.7819,12.7303,1.3109,18.14,9.2408
Normal,10.8115,6.221,12.1271,12.7332,0.6248,7.6514,5.4585,8.7738,6.5821,0.9047,18.5647,3.2403
Normal,11.7838,6.2009,11.8643,13.1863,3.516,8.6397,7.3011,9.9286,11.2533,1.3847,35.4954,10.127
Normal,10.8966,6.7355,10.253,13.0692,4.8103,6.3104,8.1947,9.0478,6.9698,0.6924,36.5755,8.4007
Normal,9.6771,6.7355,9.689,12.2205,6.4816,3.4055,8.034,7.8409,1.4401,2.3448,30.3811,3.3695
Normal,10.4205,5.8905,10.8325,11.8185,8.8966,3.5292,7.8444,8.1415,6.0282,5.4005,40.5635,8.7331
Normal,12.0181,5.2075,11.4771,12.3001,12.3581,4.5545,6.2919,7.3439,0.6739,15.4259,42.5021,3.7665
Normal,12.1298,5.387,10.4727,12.4265,15.3633,4.3661,5.9625,6.3289,3.0464,2.5018,33.0952,3.9511
Normal,10.7932,5.9152,9.6185,11.4523,16.013,3.1882,6.6931,5.7983,5.3266,12.7211,35.4031,6.6929
Normal,9.8813,5.7486,9.7256,10.4004,14.5897,1.7813,5.6827,4.3222,8.2807,17.383,38.9018,1.8371
Normal,10.3867,5.0601,9.3338,10.4095,12.3234,2.4356,4.4713,3.5454,5.862,16.5799,42.6683,1.1632
Normal,10.8975,4.9796,8.2169,11.0138,12.859,4.5175,4.5106,4.0736,4.6804,18.0385,26.9746,3.388
Normal,10.6339,5.4739,7.8552,11.0422,19.3455,4.966,5.2631,3.9708,4.2188,10.7179,22.1004,1.4863
Normal,10.5954,5.6296,8.2443,10.5286,26.7742,4.0956,5.6862,3.3211,1.2463,19.6725,39.6588,9.2685
Normal,10.2914,5.517,7.9266,10.0562,27.9793,3.7789,5.7983,3.1442,1.1724,19.7463,43.2407,2.871
Normal,9.2587,5.5536,6.8472,9.8483,23.9922,3.5893,6.6399,3.1431,1.8925,13.9951,36.9817,3.3418
Normal,8.7506,5.6845,6.6962,9.6735,20.2183,2.4264,6.8734,2.1686,8.7423,27.5932,38.1725,10.3947
Normal,8.6838,5.874,7.9102,9.2404,20.3373,1.6403,6.878,1.2542,1.3386,28.2394,49.0565,9.8408
Normal,8.2654,6.0773,8.4521,8.6856,24.6021,1.2877,7.9739,1.6958,4.6066,18.9247,51.7152,4.3019
Normal,7.8717,6.0434,7.533,8.5254,29.3629,0.2428,6.5636,1.2369,9.1762,24.7129,51.3737,2.151
Normal,7.9138,5.8026,7.3709,8.4329,30.0472,0.178,4.6135,0.089,4.265,1.2832,39.5757,5.9267
Normal,8.2846,5.6039,8.8513,7.7325,25.1873,0.4034,6.285,0.2266,6.0836,2.1325,46.5732,1.5232
Normal,8.3679,5.5783,9.6075,6.9598,18.7107,0.2763,7.1404,0.8046,4.0342,12.1026,52.0937,10.8748
Normal,7.3791,5.5453,8.2068,6.9031,17.0345,0.3399,5.6018,1.208,8.8992,9.9609,33.529,7.8745
Normal,6.4471,5.1791,6.7392,7.0468,20.1389,0.0104,5.4804,0.4196,2.7048,4.5419,25.5068,2.8987
Normal,6.9196,4.6994,7.3791,7.1448,24.1161,1.1178,5.0053,0.4277,10.3578,4.9574,35.7077,1.1539
Normal,7.3764,4.7589,8.4943,7.4277,26.2882,2.416,4.3106,0.5456,5.9174,0.9416,32.6982,7.8838
Normal,6.6367,5.2432,8.0045,7.5339,23.7839,2.6691,5.8261,0.6208,1.0801,8.5854,34.9876,1.8555
Normal,5.8456,5.2451,7.3224,7.261,18.7355,1.868,6.1856,1.4334,4.3296,5.1881,37.1201,4.902
Normal,5.9775,4.7983,7.6785,7.327,20.3919,1.4415,4.3742,1.2508,6.3144,5.9821,50.4782,26.1807
Normal,6.4041,4.6765,7.8781,7.8854,27.7462,1.4161,4.6678,1.2762,3.1203,17.1061,37.3048,19.5155
Normal,6.0754,4.9951,7.3901,8.2013,30.9349,0.4219,5.677,0.9814,12.0749,4.8189,28.3317,7.616
Normal,4.5456,5.2075,6.9196,7.695,27.4735,1.8958,4.9626,0.3179,6.3236,1.0432,32.0151,1.5601
Normal,3.3032,4.8587,7.4423,6.5735,21.2051,4.0875,3.6378,0.1572,2.4002,9.6839,33.6029,10.5886
Normal,3.7262,4.509,8.6517,6.0837,16.8511,3.0298,3.5881,0.1272,9.3331,2.5294,27.1039,5.3266
Normal,4.2325,4.6609,8.2672,6.6348,18.3388,1.2808,4.3476,0.0694,8.53,0.8308,34.5814,16.3214
Normal,3.186,4.9622,6.5826,6.8665,22.0234,1.8403,5.0481,0.1815,0.3231,2.991,26.79,12.1949
Normal,2.0004,4.7873,6.5945,6.0452,21.4581,2.6183,4.573,0.4508,19.5894,8.2069,11.6872,1.7632
Normal,2.4335,4.2068,8.2004,5.2213,15.7204,1.4149,3.5546,1.3617,11.918,7.0898,18.7862,6.1482
Normal,3.3636,3.8571,8.9044,5.0464,8.1429,0.1526,2.7766,1.7675,5.0774,4.6804,33.1321,11.3641
Normal,2.6569,4.1125,8.0786,4.92,3.6449,0.2601,3.0263,1.7952,6.499,8.53,18.7493,2.751
Normal,1.2405,4.151,7.6566,4.0979,4.0566,1.1733,2.7096,2.6044,8.5392,24.0205,8.4469,13.1088
Normal,1.4987,3.6026,8.6188,3.4863,5.6385,1.2369,1.0716,3.1535,6.7575,2.5294,1.9294,10.6994
Normal,2.5516,3.2794,8.8449,4.0018,4.4582,0.0451,0.9733,1.9293,14.7151,13.8381,20.5679,23.5497
Normal,2.5735,3.5349,8.0896,4.4824,0.8381,0.6312,1.7316,1.4126,13.6166,16.9953,13.7181,16.5799
Normal,1.9391,3.9413,8.5538,3.9935,3.4615,0.141,2.0576,1.6438,12.6657,11.0317,8.0776,12.8042
Normal,1.2341,4.1547,9.0775,3.6145,4.7558,1.3155,2.1813,0.9791,16.6537,11.5856,19.3401,22.5343
Normal,0.7764,4.0475,8.2434,3.9166,1.9093,1.7617,1.801,0.3456,4.2096,3.0095,0.0646,1.9109
Normal,0.6665,4.0897,7.8204,4.4778,0.972,1.4057,2.1547,0.059,2,0.1939,11.161,7.4406
Normal,0.2811,4.52,8.0466,4.6866,3.0697,1.8033,4.1257,0.0358,2.3356,2.871,15.0382,11.0502
Normal,0.1382,4.9429,8.4924,4.3973,6.0204,2.6148,5.603,0.163,9.2962,9.13,11.0687,6.1667
Normal,0.4724,4.9612,8.8531,4.2197,8.9661,2.7836,4.6736,0.2104,7.3022,5.5482,13.5335,11.8256
Normal,1.5271,5.0052,7.9797,4.5264,11.9415,2.8044,3.4691,0.2959,8.7515,8.89,6.259,13.0904
Normal,2.2806,5.2313,6.9498,5.1663,16.9899,2.6714,3.3142,0.3722,2.271,1.6894,10.1178,3.988
Normal,1.7514,5.3421,7.3499,5.9564,22.7177,1.8565,2.305,0.3988,9.7393,1.1355,3.2957,2.9726
Normal,1.3065,5.3293,7.8186,6.438,27.3048,0.8543,1.5837,0.4913,18.4631,19.0447,10.0624,6.619
Normal,1.3696,5.4886,7.8543,6.2759,32.3483,0.4127,3.0529,0.6092,5.262,14.1797,2.511,1.4771
Normal,1.5308,5.6497,7.7975,6.1258,37.2727,0.8254,3.4286,1.1063,12.6288,4.8835,8.2069,17.0969
Normal,1.7093,5.2341,7.0276,6.5497,40.4762,1.6727,1.9686,0.7791,4.6712,8.9454,3.7665,3.8496
Normal,0.856,4.6408,6.5524,7.3032,42.6136,0.5179,2.1929,0.6635,5.6036,5.5112,4.3296,7.2652
Normal,0.0861,4.8303,6.796,7.9834,44.3989,0.8439,3.5292,1.482,18.7308,4.7358,3.8496,3.2587
Normal,0.9549,5.4639,6.8051,7.868,45.5891,0.4231,4.6366,1.3051,7.6622,3.7757,3.0741,3.2495
Normal,2.2678,5.4868,7.2198,7.0569,45.4453,1.9201,4.9672,0.9988,2.1048,2.271,4.4127,9.1116
Normal,1.6287,5.0088,7.7801,7.0798,42.1574,0.8832,4.1014,1.9883,13.3304,9.5454,4.3573,3.7757
Normal,0.2325,4.9466,6.8033,8.4824,36.7767,0.9687,3.7372,3.5454,13.275,8.6684,12.7857,2.0033
Normal,0.3983,5.5316,5.8777,9.5691,31.7135,1.9825,4.7834,4.6586,15.3429,3.9234,4.0711,2.4094
Normal,0.1117,6.2585,6.7776,9.1891,26.4618,1.9871,5.3313,4.9186,25.0175,5.6774,1.2463,19.6632
Normal,0.7828,6.2814,7.7133,8.2745,20.9473,1.23,3.5234,4.1199,22.9681,5.3635,9.0746,4.1357
Normal,0.1447,5.5261,7.8131,8.1033,15.7402,2.2588,1.4392,3.7742,14.8167,3.8126,11.7702,0.9509
Normal,1.6635,5.2606,8.1491,8.4613,8.6437,5.0273,2.364,4.2574,4.6342,2.271,5.8713,6.3421
Normal,1.3889,5.8511,8.6279,8.2718,0.4215,5.0342,4.4412,3.8794,1.9017,8.0222,7.8838,15.3429
Normal,0.2985,5.9555,8.5675,7.4542,10.5133,2.5512,4.3904,2.8437,1.3293,20.2079,21.805,1.7263
Normal,0.2719,5.1517,7.9999,7.3727,21.3341,1.5987,2.809,3.5731,11.4287,18.3247,20.2171,6.7944
Normal,1.4502,4.3204,7.7417,8.1427,29.839,2.7905,1.9663,5.003,14.7059,21.288,17.2353,11.8349
Normal,2.72,4.5209,8.9108,8.5922,35.0311,4.195,2.8737,5.5336,12.0657,18.0293,5.6682,7.8745
Normal,1.8311,5.6058,9.3347,8.2974,39.6431,2.9789,4.3314,5.5591,4.1357,2.8987,5.8897,4.2281
Normal,0.0851,5.8301,7.6089,7.9788,44.7163,0.2104,4.6562,6.1902,19.3771,20.0879,25.276,2.5294
Normal,1.1609,4.8175,7.034,8.6673,49.5861,0.9051,2.7188,7.6837,18.4724,26.1161,21.2049,2.5941
Normal,3.8406,4.6509,8.3322,10.1816,54.2675,4.8955,1.9467,8.8328,11.0687,13.275,7.4868,7.2929
Normal,4.6069,5.7916,8.5062,10.7455,56.8562,6.3601,4.8516,9.2686,14.4751,18.7124,15.029,12.001
Normal,3.5184,6.5341,7.5513,10.0314,55.8643,4.462,6.144,8.9472,10.1732,17.2076,14.1612,2.0309
Normal,2.6047,6.2027,6.763,9.6048,52.6508,3.7003,4.2852,8.6362,13.672,0.6554,5.8251,3.4711
Normal,3.3783,5.5801,6.9351,10.0644,49.5266,5.1001,3.3581,8.7495,14.2351,2.4741,18.5924,13.4042
Normal,5.2249,5.6552,8.3194,10.9671,48.1629,7.0364,3.9997,7.9797,5.8713,9.3239,3.0095,12.6472
Normal,5.6955,6.4407,8.725,11.5109,48.4009,7.6837,5.803,7.2919,11.0779,6.5267,1.9386,1.1632
Normal,4.7397,6.8573,7.5146,11.2079,49.606,6.2145,7.0214,7.3751,18.4539,4.0804,13.672,2.114
Normal,4.5355,6.5552,7.4194,10.7144,49.1448,4.8597,5.8758,6.5243,10.9394,4.3019,20.5218,2.4833
Normal,5.6351,6.5057,8.1931,11.0843,44.4534,5.7891,6.0087,6.0261,13.2935,9.5731,17.0692,2.8156
Normal,6.589,6.9855,7.7655,12.0319,39.4993,6.7208,8.3207,6.7647,11.0963,2.4925,6.6375,7.1914
Normal,6.5195,7.4789,7.131,12.6114,38.3041,5.7602,9.7818,7.5508,11.2533,6.2498,1.2555,0.4893
Normal,6.3107,7.4789,7.392,12.6828,39.3505,4.8539,9.1033,8.2825,21.2603,0.5816,5.0497,9.8501
Normal,6.4069,7.1548,7.5201,12.6416,40.7787,5.0007,7.2121,8.4143,18.4447,11.5764,17.4477,5.4928
Normal,6.0937,7.0624,7.164,12.7588,40.8283,5.0655,6.937,8.4143,6.656,9.25,18.2693,12.6011
Normal,5.7367,7.1567,6.8536,13.1076,38.0612,4.758,6.4353,8.8767,22.0357,1.2832,3.231,6.3144
Normal,6.2457,7.1374,6.8143,13.7704,35.5866,5.4966,4.9256,9.9101,25.6361,5.1143,0.4985,9.6101
Normal,6.8655,7.0624,6.8463,14.4012,35.8891,7.397,5.4562,11.2383,1.3017,3.8957,10.4594,3.6557
Normal,6.9662,7.251,6.8912,14.4022,35.8643,7.671,5.9209,10.2199,11.9364,0.2308,6.3329,2.151
Normal,6.7163,7.5989,7.2354,13.8776,33.6079,6.8387,5.9764,8.6559,18.5739,15.6475,0.6185,3.4249
Normal,6.2027,7.6639,7.0486,13.4189,29.5364,6.1336,7.1589,8.7969,5.3174,13.3027,7.3668,1.5694
Normal,6.4233,7.2894,6.1569,13.1873,23.4169,4.8123,5.5463,7.7635,10.247,2.5756,6.0005,5.0774
Normal,7.6932,7.1558,6.5067,13.0865,16.1469,4.9741,4.9198,6.8618,15.9983,17.5954,6.6467,7.4591
Normal,8.5574,7.6282,7.7655,13.0966,9.6901,6.0607,7.8687,7.3358,11.9456,17.5584,16.2014,4.7912
Normal,8.3359,7.8653,7.4496,13.1122,5.2418,4.0112,7.2468,6.7185,18.3062,6.4806,14.7336,3.4618
Normal,7.7151,7.6117,6.058,13.1122,1.3737,2.3073,5.344,6.9913,16.8199,17.7431,12.2041,4.9943
Normal,7.478,7.4844,5.8868,12.9163,4.5029,3.1546,5.6723,7.8779,10.5978,8.1145,8.4377,14.1889
Normal,8.009,7.6712,7.0953,12.5024,11.9564,3.4783,4.8932,7.3404,10.4317,2.9356,15.269,14.6228
Normal,8.4622,7.9486,7.8268,12.2626,18.0462,4.2528,5.3001,8.0109,22.1004,4.8373,15.5183,1.2463
Normal,8.3862,8.0008,7.2729,12.1912,22.4053,5.262,6.3336,8.4709,28.3224,3.7019,19.7279,13.0811
Normal,8.3707,7.7563,6.8665,11.965,24.2649,5.2828,5.3279,7.9658,14.1058,11.1333,9.7393,6.5083
Normal,8.1088,7.6675,7.3645,11.5714,25.1576,5.9336,5.3059,8.027,19.174,9.5639,5.2251,8.0592
Normal,7.7856,7.7353,7.8854,11.1136,29.7199,6.4122,5.4342,6.9404,21.288,9.6378,3.8588,3.7572
Normal,8.3899,7.5027,8.0237,10.8481,35.8742,6.4133,5.3163,6.0457,2.0586,14.6967,1.5232,18.2416
Normal,9.1287,7.2391,7.8882,10.9753,37.833,7.0456,6.1555,6.8942,13.6812,19.8479,6.7667,2.7418
Normal,9.061,7.0825,7.7591,10.8344,35.6907,6.4538,5.3175,5.7937,29.3379,7.4868,0.5262,5.1604
Normal,8.8019,6.8005,8.0521,10.2786,31.9267,4.9626,4.1915,4.4886,7.4222,11.3825,3.7019,10.5886
Normal,8.6984,6.4563,7.8809,10.1862,30.5729,4.4285,4.6955,5.0574,10.1824,13.8289,6.7113,6.9975
Normal,8.5007,6.0535,7.0166,10.4526,33.3202,3.5165,3.3858,4.9406,17.6692,11.6595,0.6185,14.0412
Normal,8.4036,5.8218,6.861,10.5231,36.9305,2.8714,2.7477,4.2193,6.4159,8.7608,7.7453,3.4064
Normal,8.3862,5.9866,7.1512,10.4947,38.319,3.1292,3.7049,4.0621,2.7141,19.7556,25.2483,0.8585
Normal,8.5702,5.9692,7.4963,10.2777,36.6676,3.2541,3.8586,4.0921,0.9785,7.3299,4.6435,3.4434
Normal,8.8797,5.5289,8.5428,9.9939,32.2987,3.9881,3.3928,3.9939,2.5202,5.6497,12.9796,4.5235
Normal,8.8678,5.1993,8.8193,9.9628,29.1596,5.4192,2.6136,3.1535,6.0928,11.8718,0.0831,2.7695
Normal,8.8705,5.0977,7.8113,10.0928,28.862,6.374,2.7593,2.52,18.7585,6.2959,7.9391,15.4998
Normal,9.0042,5.0528,7.6135,10.0177,28.6339,6.8191,3.728,3.1939,8.8992,2.3171,3.8219,2.991
Normal,9.0417,4.9283,8.3432,9.9115,27.8851,6.8792,3.3269,3.2356,9.3054,12.3241,8.1884,14.4843
Normal,9.3896,4.6701,8.865,10.0003,26.2188,6.9532,3.239,3.4217,13.2104,2.391,16.3122,14.6136
Normal,9.7705,4.6701,8.6838,10.3592,22.8615,6.8387,3.9476,4.0783,8.8808,5.742,18.9801,10.5425
Normal,9.6341,4.8761,7.9138,10.5762,19.8711,5.6989,2.3998,3.4194,16.1737,1.8094,2.5848,5.4559
Normal,9.6652,4.8166,8.1317,10.3885,15.9088,4.3453,1.9536,3.335,15.0659,11.6964,2.1786,15.4906
Normal,10.0287,4.7397,9.5508,10.1495,10.4984,4.1661,3.5107,4.4875,8.2161,3.8311,12.1672,3.2126
Normal,10.1266,4.8724,10.2283,9.917,8.3313,3.8135,2.7905,3.6124,1.7725,5.899,20.0971,7.8099
Normal,10.3482,4.8981,9.9683,9.8099,9.2339,3.8043,2.468,3.0564,0.7755,10.5886,7.9299,2.751
Normal,10.4865,4.8102,9.3072,10.3574,10.1017,4.81,3.8528,4.5279,6.259,4.985,15.4536,7.1822
Normal,10.0223,4.9026,8.5529,10.9497,10.9448,5.1683,3.3581,4.3488,22.1004,8.2161,19.5248,1.754
Normal,10.0168,5.061,9.0097,10.7108,9.2983,5.6365,2.8448,3.5997,1.4863,17.9185,5.7051,6.1851
Normal,10.8746,5.0555,10.361,10.3683,4.7012,7.8814,4.1187,4.3904,9.5085,4.1727,21.2326,4.1911
Normal,11.4276,5.0583,10.6833,10.5414,3.8136,8.953,4.0054,4.6759,4.4496,2.0956,19.7925,3.5726
Normal,11.3626,5.2899,9.8721,10.7721,6.7196,8.3889,3.4332,4.8516,4.0065,0.3139,1.7909,0.6647
Normal,10.892,5.6396,9.2203,10.5377,8.1825,7.4895,4.5048,5.4261,6.1205,1.9294,0.6462,7.0068
Normal,10.3693,5.6268,9.6551,9.8099,8.2718,6.3948,5.0181,4.5996,1.274,10.8933,3.0095,13.2288
Normal,10.6842,5.3961,11.1951,9.1296,8.8272,5.7694,4.2031,2.8992,8.9823,2.151,6.6006,11.4195
Normal,11.2271,5.4776,11.7581,9.2853,10.5282,5.9787,5.1209,3.2124,13.515,4.0988,7.7453,3.7665
Normal,10.7895,5.6287,10.1798,9.7082,12.6904,5.7082,6.9474,3.7823,6.3052,0.8401,4.7543,1.3017
Normal,10.0507,5.6937,9.5242,9.2413,13.8012,4.7464,7.1774,2.8171,8.3084,2.9541,4.9574,3.7665
Normal,9.5755,6.0315,10.9991,8.3853,14.0045,3.9002,7.3462,2.4379,9.6008,9.6562,10.2286,1.874
Normal,9.3686,6.2146,11.5732,8.1766,13.0276,4.0655,8.0513,3.2725,4.5973,3.7296,2.5202,3.2126
Normal,9.873,6.1359,10.7877,8.6993,11.8176,4.9129,7.7519,3.8864,3.2957,3.148,16.6168,5.1974
Normal,10.2585,6.3721,10.3546,9.1479,12.497,5.9845,7.3473,4.3303,0.4339,6.1759,15.7029,1.1632
Normal,9.7394,6.5991,10.1706,8.8101,13.9797,5.9486,7.5184,4.4516,2.5664,1.2001,0.4154,2.8987
Normal,9.1571,6.4828,10.3033,8.2901,14.2029,5.2088,7.2433,4.1499,1.5324,7.7637,6.6006,4.0988
Normal,8.8412,6.2137,10.5872,8.2498,14.3269,4.9036,5.87,3.8598,2.114,0.48,12.0657,10.9117
Normal,8.6765,5.9244,10.2914,8.2947,13.3846,4.3118,4.6701,3.6055,14.5582,10.1178,11.1702,9.1762
Normal,8.9804,5.8713,10.209,8.2919,10.5579,3.498,5.0412,3.6563,2.3264,3.4618,19.4971,16.8107
Normal,9.1983,6.0077,10.4617,8.3432,7.8949,3.0934,6.6665,3.9823,0.9601,1.5786,26.9469,14.7059
Normal,8.9246,5.8868,10.4645,8.0859,4.9046,2.468,6.8399,3.7916,14.8721,0.2862,18.6385,3.6557
Normal,8.7872,5.8255,10.6329,7.8387,3.3127,1.2762,5.7394,3.3523,0.7939,9.9332,26.0515,7.256
Normal,8.7259,6.0123,10.8005,7.7536,4.7459,1.8391,6.9127,4.039,20.3833,7.6068,16.543,9.3977
Normal,8.7094,6.1734,11.228,7.2437,4.5723,2.7454,7.8698,3.691,18.9247,10.4132,8.0315,5.9451
Normal,8.9969,6.3226,12.3532,6.7044,3.0697,3.2425,6.6017,2.7905,9.8224,21.4265,28.2671,6.4436
Normal,9.0884,6.3803,12.2983,6.9479,5.1773,4.4343,6.6954,3.6413,12.6103,12.7765,37.7848,1.6617
Normal,8.9548,6.2704,11.0541,7.4258,7.6469,5.2261,6.9485,4.0679,2.9172,5.9267,17.5215,1.7448
Normal,8.9172,6.384,11.4569,7.2052,8.0486,5.9856,5.8307,3.2645,2.5848,14.5213,21.768,3.0187
Normal,8.6609,6.5964,12.9062,6.5048,9.7,6.8699,6.4873,3.0887,8.1515,6.5544,23.5959,21.6757
Normal,8.2452,6.4636,12.7066,6.21,11.153,6.0041,7.019,3.3881,6.8129,4.3481,2.8433,7.3022
Normal,8.2013,6.1807,11.5613,6.7126,11.4159,5.0169,5.2296,3.6112,6.5544,5.7328,23.0881,4.6066
Normal,7.9797,6.1258,11.4743,6.8829,12.4523,5.0342,5.9451,3.4136,12.638,0.2031,22.6358,21.0203
Normal,7.1768,6.4783,12.3706,5.9802,13.4789,3.5985,7.9265,1.7143,22.3496,11.8533,3.7757,24.5744
Normal,6.7877,6.8005,12.4841,5.5289,14.2128,1.5351,6.8919,0.5826,15.0475,8.4838,28.9133,13.5981
Normal,7.24,6.4783,10.9204,6.5652,14.674,1.5814,6.1578,2.6136,9.7947,0.8493,39.1141,14.2166
Normal,7.5833,6.1166,9.6551,7.6254,12.5813,2.3559,6.1474,4.1395,10.9579,9.5547,4.8558,8.0315
Normal,7.1448,6.633,10.3958,7.2922,10.3596,1.6738,5.7798,2.735,3.3511,4.8096,8.8438,8.1792
Normal,6.0388,7.3059,11.3113,6.2329,10.6274,0.1364,6.2792,1.8808,3.628,3.8403,28.8025,4.7266
Normal,5.0088,6.8848,10.2521,5.8676,10.9646,0.8774,4.8551,2.683,4.4958,7.256,19.9586,1.4124
Normal,5.3146,5.9024,9.1544,6.5067,11.4903,0.0405,2.6009,3.3893,8.7146,1.754,22.4881,1.0893
Normal,6.1688,5.7971,9.8932,7.1246,12.125,1.9848,3.9442,3.2934,3.6742,13.7181,19.6725,4.0065
Normal,5.4785,6.6321,10.6183,6.9223,9.943,1.8368,6.1035,2.9581,10.6532,7.7545,2.2617,5.899
Normal,4.1528,6.9287,10.2502,6.5067,7.4486,0.1306,5.5452,3.3026,1.0801,11.041,3.6003,7.8653
Normal,4.1052,6.3318,10.1413,6.4902,7.3444,0.7872,4.9406,4.1014,8.4377,1.8371,7.3668,1.8186
Normal,4.6902,6.1716,10.7941,6.6806,7.394,2.7454,5.9093,4.2621,1.1909,9.647,7.3299,0.8493
Normal,4.4284,6.8024,11.2006,6.8143,7.2453,2.4322,7.2965,3.5384,16.6537,10.3671,20.8541,2.4464
Normal,3.4671,7.1667,10.8298,6.6486,7.5676,0.5098,7.3705,2.8472,12.5734,9.9609,12.2318,9.5547
Normal,2.7603,6.8463,10.3839,6.2833,6.8634,0.3063,6.6202,2.8761,10.3301,5.1235,2.2433,13.9951
Normal,2.9846,6.4691,10.6348,6.3794,5.703,0.0578,5.8943,3.2633,2.5941,7.4591,11.7795,11.6779
Normal,3.3444,6.4764,10.7748,6.9434,5.2219,0.3387,4.9233,3.276,6.379,7.0621,13.2473,5.0866
Normal,2.6889,6.6998,10.0159,7.3132,4.6814,0.2878,3.9083,3.276,0.8862,8.8808,7.9761,12.1949
Normal,1.875,6.6458,9.6304,7.1292,4.7558,1.2693,3.3477,4.0806,13.2288,15.1213,16.5984,9.8778
Normal,2.0288,6.3052,10.5588,6.7776,5.46,0.9352,2.7859,4.3962,1.9756,20.2541,12.5457,1.8555
Normal,2.2897,6.2558,10.8957,6.9415,4.2103,0.1514,2.8529,4.2228,0.9324,12.7303,18.3708,0.5354
Normal,1.7798,6.2613,9.4235,7.7005,0.8232,0.4323,2.9084,4.4632,0.877,17.6415,8.2253,7.4776
Normal,1.3843,5.9976,8.2837,8.2709,1.1456,0.1561,3.0437,5.44,3.148,23.522,10.5978,3.2495
Normal,1.7377,5.8017,9.1635,8.1519,1.1852,1.6241,4.2956,6.5786,3.9419,22.1096,15.3244,4.6989
Normal,2.0975,5.9637,10.144,8.0466,0.9571,1.9802,5.0262,6.3405,3.7388,9.1392,10.4686,10.7732
Normal,1.7935,6.0809,9.1132,8.7881,1.2943,1.5733,4.7591,6.7948,4.2004,17.4938,3.268,10.3117
Normal,1.7972,5.8585,7.5476,9.9957,2.0332,1.6068,5.0701,8.9391,16.2106,18.0016,14.8259,6.2959
Normal,2.5488,5.7989,7.7856,10.7474,2.0481,2.3143,5.0065,10.0824,14.7613,10.6163,7.3022,2.2156
Normal,2.8189,6.1139,8.7186,10.6741,0.7141,2.4009,3.9199,9.2339,18.3524,3.6095,12.9057,9.8685
Normal,2.7951,6.1368,8.5684,10.4956,3.5854,1.9432,3.3107,8.3496,1.8925,12.2134,24.8145,6.2221
Normal,3.6063,5.4886,8.3771,10.9387,2.7523,2.3616,2.5975,8.6455,12.7396,1.1263,15.2321,7.2006
Normal,4.9466,5.0912,8.9923,11.6016,0.8579,4.5984,2.5119,10.0627,3.6465,12.518,3.231,0.757
Normal,5.582,5.3787,9.1489,11.8304,4.25,5.6203,3.5558,10.0592,9.407,4.8558,23.8728,7.5883
Normal,4.9969,5.7468,8.3899,11.7032,6.7295,4.7268,4.1973,8.6975,11.1148,8.0869,11.3825,17.2076
Normal,5.0189,5.5856,8.4512,11.5421,7.2601,5.1776,4.5707,8.9299,1.3755,13.7089,9.3977,15.4721
Normal,6.5359,5.4208,10.0012,11.6849,5.0037,7.0849,6.144,10.6765,1.9294,13.2473,11.8072,10.764
Normal,7.2931,5.9784,10.5396,12.1674,2.9358,8.2571,8.3496,11.3169,4.4496,15.9706,6.2682,11.5395
Normal,6.5689,6.7456,8.909,12.6224,3.9177,7.604,9.3876,11.5608,8.1053,5.9821,2.2617,7.7268
Normal,6.3895,6.8317,8.1345,12.8476,5.9608,6.6699,8.4594,12.6729,9.1669,10.1917,1.6986,6.2313
Normal,7.2775,6.589,9.559,12.8375,5.827,7.5716,7.545,13.3514,5.3912,13.5058,0.2862,8.6315
Normal,7.8992,6.9791,10.7895,12.7112,2.9804,8.2317,7.5739,12.7053,8.9638,0.1015,3.1295,19.1832
Normal,7.7408,7.7142,10.4334,12.8018,2.0283,6.8699,7.7196,12.2972,0.1846,3.508,6.4713,10.3394
Normal,7.6144,7.8461,9.2633,13.363,4.7062,5.6735,7.4988,13.4624,0.5816,3.0649,1.2278,12.1026
Normal,8.2068,7.3334,8.2031,14.2419,0.4017,5.7868,6.8063,14.8114,12.2226,16.4414,15.6567,20.5587
Normal,9.3466,7.2601,8.3624,14.7336,7.637,6.4954,6.678,14.7987,6.5821,8.8623,14.1058,10.1086
Normal,9.787,7.8955,9.7623,14.2429,12.6804,7.0722,7.5612,13.8011,2.3633,2.6587,5.6036,9.0746
Normal,9.3942,8.2187,10.3857,13.4564,12.8887,6.7243,8.1265,13.5873,8.8992,11.0779,21.9804,17.9
Normal,9.5773,7.8223,9.668,13.3841,11.1977,6.9959,8.9449,14.8241,8.7608,16.423,13.755,13.1365
Normal,10.3107,7.5586,9.0253,13.9957,12.5961,8.4952,10.0905,15.1085,0.9878,11.5025,1.9386,12.2134
Normal,10.5157,7.7966,9.0207,14.4452,18.0313,9.2212,10.0639,13.6011,0.0092,11.3271,19.9863,11.3456
Normal,10.4562,8.0246,9.8666,14.0799,22.2416,8.7507,9.3622,12.6602,2.8526,25.433,27.8239,15.0567
Normal,10.6384,7.8854,10.9882,13.2092,22.2069,8.5461,9.4084,13.1665,2.3725,23.1805,10.5055,21.1588
Normal,11.0641,7.3123,10.806,12.9666,19.4248,8.3091,7.5912,12.8162,1.3201,13.6535,8.8808,35.5877
Normal,11.3947,6.9562,9.6533,13.559,16.4593,7.7369,5.4238,11.8152,2.2248,8.8346,8.5946,28.147
Normal,10.9973,7.2546,9.3063,13.7704,17.7486,6.8503,6.5231,11.8533,6.5913,16.0629,0.0739,13.8289
Normal,10.1514,7.5604,10.1221,13.0582,22.7474,4.9048,6.7266,11.636,0.1662,24.1498,19.1555,25.313
Normal,10.1862,7.3096,10.8911,12.5491,25.0137,3.6529,3.9569,10.9459,14.2905,10.0716,14.6967,27.1593
Normal,11.0715,6.8738,10.6375,13.027,21.4977,4.7279,4.0794,11.5135,5.2528,13.2842,0.5262,23.1989
Normal,11.1191,6.8564,9.9536,13.4583,14.9567,5.8053,6.2457,11.8383,1.874,29.6979,23.4113,25.5714
Normal,10.4031,7.0221,9.9875,12.9446,8.5098,4.9626,6.092,10.5575,8.9731,23.679,33.3075,36.9355
Normal,10.3336,6.8518,10.5588,12.2186,5.3906,4.8054,7.0953,10.0592,3.6188,13.9212,0.1662,12.0287
Normal,10.3967,6.5112,10.4929,12.0474,5.9311,5.5799,9.0281,10.68,0.9416,19.4601,2.9079,26.1438
Normal,9.8895,6.3858,9.8648,12.0218,6.4964,5.3036,7.6641,9.8477,2.6587,9.1577,14.4105,28.9963
Normal,9.3796,6.4297,9.9591,11.7297,5.9212,4.7799,6.7381,8.6594,3.1295,11.6779,5.5112,3.1849
Normal,9.2422,6.329,10.5524,11.4606,4.1458,4.9302,8.0791,8.7657,3.1387,18.7862,4.0065,23.0328
Normal,9.4986,6.0892,10.5505,11.4899,0.4959,4.7094,6.4861,8.0976,8.0776,7.1452,4.6989,28.7563
Normal,9.7055,5.9875,10.0616,11.7828,2.3804,4.1811,4.3777,7.4213,0.4339,15.3152,11.9272,10.0809
Normal,9.4684,5.9784,9.5819,12.0273,2.182,3.98,5.6955,8.153,12.3611,17.383,25.6545,30.3349
Normal,9.0912,5.8951,9.2624,11.9412,1.3439,2.7015,5.1649,7.3936,0.7847,9.5731,7.6714,32.6797
Abnormal,8.4467,5.8667,9.1736,11.6904,1.1803,1.4415,4.3256,6.4249,8.3453,17.5954,14.1982,16.2568
Abnormal,7.7426,5.7504,9.4666,11.3361,2.0382,1.2612,6.1856,6.8098,8.9823,18.3339,7.7637,15.8044
Abnormal,7.7426,5.6149,10.2393,11.2692,5.2864,1.5143,6.7682,6.3428,7.4222,10.9209,1.0247,26.4669
Abnormal,7.3059,5.7349,10.2228,11.4734,9.4818,1.8207,6.8006,5.5452,7.2652,10.884,20.5033,16.3306
Abnormal,5.874,5.9592,9.1791,11.1758,10.2951,1.4392,8.0166,4.7337,3.9511,3.8588,7.6437,18.0754
Abnormal,5.1059,5.7733,8.8504,10.6778,8.2619,0.8947,7.4259,4.1418,6.7483,12.8873,13.1458,20.2633
Abnormal,5.137,5.3503,9.2157,10.7016,6.0699,1.7316,6.6422,4.7857,7.533,18.9524,14.4566,9.8316
Abnormal,4.8349,5.2707,9.4775,10.383,5.46,1.6357,5.4735,4.3915,7.2929,5.4097,5.4189,15.029
Abnormal,4.1519,5.5362,9.8117,9.3311,7.1312,0.2173,4.5742,3.1847,7.3391,10.6625,5.9451,19.4601
Abnormal,3.7198,5.3558,9.18,8.8467,8.6388,0.6982,5.092,3.5719,10.0901,19.4601,2.7418,19.8386
Abnormal,3.8452,4.476,7.7243,9.3997,6.422,1.5004,3.1778,4.1233,3.6926,7.2745,24.2698,22.6543
Abnormal,4.0897,3.9395,7.6016,9.7806,1.7208,2.179,1.023,3.3616,6.6467,30.5196,30.9073,16.1829
Abnormal,3.4268,4.325,8.0264,9.3494,2.6432,2.8448,2.8448,3.1616,22.4696,33.529,16.8661,6.2959
Abnormal,1.9711,4.5099,7.3444,8.4915,4.7062,4.8897,3.3477,3.0679,27.307,21.9434,23.522,24.2329
Abnormal,1.279,3.9725,7.1008,7.8772,3.8929,5.4654,1.1953,2.3108,22.0357,26.7715,13.635,24.4083
Abnormal,1.5527,3.6502,7.9944,7.5998,2.0927,3.3974,1.623,1.5178,12.8319,22.2481,9.9424,7.2375
Abnormal,1.4841,3.8306,8.3734,7.262,1.2447,2.3744,3.5569,0.5606,0.6185,15.389,19.7832,18.4908
Abnormal,1.0034,3.9633,7.869,6.7584,1.0216,2.6795,3.8124,0.2647,4.0342,27.4085,13.7181,12.8319
Abnormal,0.4605,3.9642,7.2913,6.2347,0.8083,2.5778,4.588,0.1063,0.3693,26.9377,7.3668,7.7822
Abnormal,0.2161,3.8388,6.8683,5.6973,1.4431,2.6044,4.5083,0.0636,3.148,7.4683,30.6488,8.8346
Abnormal,0.0394,3.4424,7.1548,5.3952,2.3357,1.9721,2.4148,0.4774,1.0524,14.5951,20.5402,17.3461
Abnormal,1.0117,3.2245,8.1464,5.4666,1.2646,0.4208,2.2911,0.2092,0.2031,4.9389,0.48,5.862
Abnormal,1.192,3.4387,8.1784,5.5298,1.9241,0.8924,2.3882,1.0774,6.7021,15.3152,21.5372,12.0564
Abnormal,0.5145,3.3417,7.0843,5.3897,4.2351,2.6587,0.5491,0.8866,2.7972,8.4838,15.8875,4.4681
Abnormal,0.4898,2.7786,6.7822,5.4034,4.5673,3.2494,0.4751,0.9456,8.65,13.792,3.5634,13.1827
Abnormal,1.1417,2.5635,7.5623,5.473,4.2748,2.557,0.2451,2.0125,4.9666,10.6994,3.1203,10.3947
Abnormal,1.6754,2.9022,8.2407,5.4135,3.9871,1.9825,0.1191,2.4634,10.8933,1.1355,11.7702,8.8715
Abnormal,1.8356,3.0927,8.107,5.538,3.8731,1.1086,0.6184,2.7743,0.2031,7.8191,9.7301,6.259
Abnormal,1.8283,3.0222,7.6465,5.918,5.2219,0.1225,1.3375,3.5061,2.7879,2.6402,13.6996,18.2877
Abnormal,2.0508,3.1174,7.8671,6.232,8.0486,1.2843,1.1814,3.6274,2.0309,8.3361,2.2617,0.3508
Abnormal,2.6111,3.5349,9.1516,6.123,9.0553,2.8391,2.7385,3.8286,3.3418,2.1602,10.764,12.6472
Abnormal,2.991,4.0933,10.5295,5.7678,7.0766,3.6829,4.7453,4.3938,5.622,1.8186,8.2253,3.388
Abnormal,2.8894,4.5584,10.535,5.8328,4.7211,3.6344,4.9441,4.4308,8.4007,1.2093,5.6405,2.8802
Abnormal,2.8088,4.9365,9.5059,6.3885,5.212,3.9904,5.7174,4.9452,5.5482,1.0339,1.4309,7.5053
Abnormal,3.3572,5.2267,9.5801,6.8976,7.037,4.3384,6.4896,5.4839,13.9397,3.6834,13.4596,5.6959
Abnormal,4.389,5.4098,10.9616,7.2894,7.3643,4.6851,5.7059,5.3105,5.7051,2.7325,7.7545,5.5666
Abnormal,5.0281,5.6378,11.4111,7.6437,6.5659,4.7233,5.8665,5.6284,1.0801,6.4159,0.4985,11.9549
Abnormal,4.8166,5.8896,10.4114,7.9669,6.0204,3.9291,6.0295,6.2341,4.7358,4.3111,13.1827,2.2617
Abnormal,4.6976,5.7925,9.993,8.0749,6.1592,3.3673,4.3962,5.8215,8.7608,7.1175,4.902,8.6407
Abnormal,5.7184,5.6863,11.6245,8.0603,7.9395,4.4597,4.8805,6.2596,0.7755,3.8034,9.2223,10.7825
Abnormal,6.763,6.08,13.0609,8.4082,10.0224,5.5174,6.7462,7.0029,0.8124,3.2772,7.9115,14.0043
Abnormal,6.4746,6.6971,11.9696,8.9136,8.371,5.3128,6.7659,6.9277,7.7822,4.2834,2.0125,10.9302
Abnormal,5.9079,7.023,11.0165,8.8632,3.5557,5.0666,7.4676,7.4248,5.8251,9.3146,5.0127,9.4624
Abnormal,6.2823,7.1539,12.5317,8.4613,0.4513,5.9787,8.4247,7.5993,2.1325,2.151,13.3673,9.7855
Abnormal,6.9012,7.3627,14.0259,8.2333,2.177,7.6883,7.9612,6.5786,8.5484,5.1697,5.5666,1.8648
Abnormal,6.8234,7.8131,13.9938,8.1537,6.1394,8.2178,8.6282,6.3671,3.1572,9.1116,0.4708,14.8536
Abnormal,6.4664,8.2663,13.6679,8.1903,6.6502,7.7045,9.0905,6.6584,4.2558,1.5324,3.5818,1.1539
Abnormal,7.3508,8.1894,13.8345,8.4412,1.4282,8.0513,7.9299,6.8306,1.3017,5.6497,7.5053,10.164
Abnormal,9.017,8.0447,14.5056,8.8998,5.574,9.2293,8.6328,7.8606,4.1634,1.9663,25.1191,12.158
Abnormal,9.0546,8.6014,14.6887,9.136,6.7841,8.6686,9.8674,7.8155,9.4162,6.3144,18.5647,1.3293
Abnormal,7.6089,9.1992,14.0836,8.443,0.4166,5.84,9.5159,6.092,5.0958,8.1699,8.133,2.9356
Abnormal,7.0697,9.2184,14.0717,7.9431,5.946,4.0482,10.443,6.6468,2.1694,9.2593,25.1191,17.3461
Abnormal,7.8854,9.0399,14.274,8.7332,5.0285,4.5326,11.1516,7.9993,3.0003,6.3052,27.2239,13.4596
Abnormal,8.9639,9.2285,14.231,9.6277,4.1706,5.6989,9.8997,7.1705,9.01,3.4157,13.2935,14.4843
Abnormal,9.0976,9.852,14.6429,9.6167,14.6641,5.9209,10.1182,6.9092,4.5973,5.0774,34.2306,7.1729
Abnormal,8.4201,10.1541,14.4507,9.1983,16.8263,5.1163,10.8846,7.9149,2.151,4.7635,24.2236,3.231
Abnormal,8.3002,9.6112,13.5141,8.735,10.434,4.5152,8.8859,7.3774,6.3882,12.9334,8.8808,11.3733
Abnormal,8.8074,9.1095,13.6203,8.4613,5.3558,5.9128,7.5462,7.0214,8.5946,22.1465,22.9589,3.7849
Abnormal,8.736,9.4318,14.5999,8.378,7.6866,7.189,8.7935,7.471,4.4958,15.2598,12.6657,2.7048
Abnormal,8.0658,9.8895,14.9753,7.9651,15.4675,6.448,9.3171,6.8965,13.1827,10.9025,2.0125,1.634
Abnormal,7.6923,9.6249,14.7455,7.2656,23.1045,6.1937,7.9299,5.9544,11.1425,21.768,1.6801,9.0562
Abnormal,8.0136,8.9951,14.4919,6.8967,24.7906,6.7012,6.6318,5.3406,3.0003,18.537,10.7455,3.9419
Abnormal,8.4439,8.6353,14.5898,6.6531,20.0398,6.0469,6.989,4.6562,1.8555,17.4292,15.8137,5.9544
Abnormal,8.4512,8.7479,15.3049,5.8612,15.0658,5.166,7.8583,3.6159,2.3448,26.5131,13.0904,2.8987
Abnormal,7.7032,9.2551,15.7599,4.6912,14.1186,3.8182,8.7437,2.3316,2.5664,24.4175,5.3174,19.4509
Abnormal,6.763,9.538,14.8563,3.9185,16.1915,1.5074,9.2986,1.3918,5.4928,22.7558,6.9791,9.8132
Abnormal,7.0367,9.0573,14.0469,4.0283,17.6395,1.0496,8.2883,1.534,1.4217,15.9983,2.0033,1.8371
Abnormal,8.3148,8.8321,14.6613,4.9631,13.6723,2.5489,7.9103,2.9119,0.8308,12.6011,3.5726,6.4713
Abnormal,8.3871,9.6039,14.8718,5.3778,5.6633,2.5894,9.4131,3.3072,0.4339,31.4243,24.3529,3.4249
Abnormal,7.0752,10.1221,14.0295,4.5099,1.7159,0.6497,9.5263,2.8032,3.5357,27.3347,19.9771,9.887
Abnormal,6.524,9.602,13.8181,3.9624,3.0449,0.1364,7.7184,3.0887,4.6804,13.5704,3.5726,3.268
Abnormal,6.9571,9.0811,13.9865,4.3222,4.3987,1.9686,7.0075,3.3916,6.6929,12.8042,11.9549,3.3603
Abnormal,7.0834,9.2166,14.0085,4.4019,3.3424,3.1246,7.7068,2.5859,4.108,13.9766,18.657,2.0402
Abnormal,6.709,9.5352,14.0231,4.01,0.6744,2.8275,8.2328,2.4252,7.3206,9.5085,22.2573,5.7697
Abnormal,6.0965,9.3201,13.1479,3.7976,6.6601,2.0299,8.3137,2.9015,1.0247,18.2047,17.42,13.035
Abnormal,5.5179,8.7149,12.0016,3.6346,9.586,1.6877,7.7901,2.0923,15.0844,9.9516,4.745,2.1325
Abnormal,5.43,8.6041,12.312,3.2968,7.7114,1.9351,7.4063,0.8173,21.3895,7.4314,4.3019,7.5883
Abnormal,5.43,9.0207,13.0454,2.8976,3.5557,1.8773,7.6999,0.1098,4.0065,18.8693,30.9165,2.7787
Abnormal,5.2945,9.0124,12.952,2.612,0.248,1.3999,7.5346,0.0867,8.4284,7.5053,16.5337,0.1108
Abnormal,5.2551,8.7076,12.5647,2.6477,0.3719,1.5293,6.3174,0.1248,8.493,7.3668,6.6652,8.1699
Abnormal,4.8175,8.7836,12.0557,2.5424,2.7473,0.5202,5.9683,0.8519,4.1357,10.5148,18.3154,3.868
Abnormal,4.2856,8.9273,11.9824,1.9821,3.4962,1.06,6.4688,1.1652,8.3546,12.915,3.111,14.8998
Abnormal,4.5053,8.8641,12.5427,1.7358,1.4877,1.4507,5.5093,0.6173,20.6141,13.635,12.3057,15.5275
Abnormal,4.6875,8.8229,12.204,2.0151,0.7637,0.9756,5.7949,0.2416,6.9606,4.8466,17.54,0.4616
Abnormal,4.5218,8.6307,11.2537,2.3071,3.7987,0.215,6.9716,0.5364,13.5889,1.1078,9.1208,12.8965
Abnormal,4.8853,8.5062,11.4514,2.6074,5.3211,1.2993,6.5289,0.6635,23.8174,2.9356,2.0033,17.8446
Abnormal,4.6472,8.7717,11.6675,2.9031,4.4632,2.1628,6.663,1.0623,20.8541,2.9541,2.6956,13.2288
Abnormal,3.6008,8.746,11.2271,2.558,3.9326,1.8784,7.1647,0.489,4.2373,0.3416,12.2318,9.5362
Abnormal,4.2059,8.4155,12.3074,2.0892,3.7788,3.0575,7.0572,0.1237,6.5544,9.0562,12.7119,13.3304
Abnormal,5.7376,8.4979,13.6743,2.3849,4.1805,5.1302,8.2097,0.4127,7.9668,1.0709,11.761,0.1662
Abnormal,5.9894,8.6023,12.7478,3.035,6.918,5.2273,8.5738,0.059,6.5544,5.899,15.2413,0.1292
Abnormal,5.8356,8.5291,11.7151,3.4113,10.5381,5.0053,8.5195,0.4416,6.3605,1.6801,11.1517,14.8259
Abnormal,5.5298,8.5281,11.803,3.2794,14.1682,4.3765,7.923,0.6716,15.1121,1.5601,12.3334,15.6567
Abnormal,5.2139,8.0933,11.7352,2.7951,17.6148,2.6287,5.0597,2.0692,21.5003,3.1203,13.4042,7.0806
Abnormal,6.3821,7.3059,12.4686,2.6605,18.9884,2.7766,4.2748,1.8623,14.5213,7.0621,9.2962,15.5367
Abnormal,7.4103,7.2455,13.2596,3.0991,19.8811,3.7719,6.5035,0.067,20.1433,0.0185,1.6063,17.5769
Abnormal,6.405,7.5046,12.1664,3.1833,23.1491,1.8634,6.6815,0.1352,16.1645,6.8867,8.1238,19.3494
Abnormal,5.625,7.2144,11.2592,2.9462,26.1047,0.1133,5.0516,0.2185,2.5571,1.8279,13.9397,13.9581
Abnormal,6.3171,6.7694,11.9897,3.2803,26.3775,1.3062,4.5823,0.7583,15.8691,3.7849,14.6782,19.6632
Abnormal,7.0541,6.7657,12.7148,3.7646,23.9872,3.224,5.4296,1.2369,14.3643,6.4621,15.4167,21.5372
Abnormal,7.2592,7.2977,12.8998,3.7839,20.9324,4.4944,6.5139,1.7305,2.6956,5.5851,11.8349,10.0439
Abnormal,6.9223,7.8323,12.6517,3.7134,19.3207,4.7083,6.9139,2.6934,10.0532,6.8498,4.4496,19.8294
Abnormal,6.4719,7.6392,12.2507,3.587,18.076,4.4331,5.9648,2.6553,15.2875,5.2897,14.2812,19.6078
Abnormal,6.8784,7.3233,12.6068,3.5486,16.7469,5.292,5.2238,2.8957,16.506,0.6924,13.4227,10.7271
Abnormal,7.5009,7.7408,12.9419,4.01,15.9882,6.5728,6.5752,3.7731,4.8743,6.6467,15.7952,5.3451
Abnormal,7.1704,8.2718,12.5107,4.2444,14.1335,5.9255,8.1461,3.461,9.5,0.7662,8.6869,5.0404
Abnormal,6.5002,8.2919,12.3065,3.9514,10.5084,4.0736,7.8849,2.9523,8.4192,0.0739,16.3491,11.8349
Abnormal,6.5625,8.1903,12.3212,4.0997,6.7394,3.3997,7.5358,3.854,4.3573,5.5112,24.2144,19.0909
Abnormal,7.381,8.1216,12.4786,4.6591,3.4962,3.4113,7.9438,4.6112,3.5818,5.6128,14.9367,17.3461
Abnormal,8.0237,8.3221,13.1955,4.7946,1.2596,3.2402,8.9934,4.4493,14.8628,6.3236,17.2076,9.7855
Abnormal,7.2473,8.8129,12.9959,4.6536,0.2083,1.9212,10.1251,4.1037,4.5512,16.3306,21.1126,10.7455
Abnormal,5.7394,8.9053,11.6235,4.3451,1.9192,0.4485,10.2141,4.6782,4.4865,3.8496,7.6068,21.3249
Abnormal,5.6964,8.4686,11.8707,4.1226,2.8168,0.9907,9.4454,4.9117,2.8618,7.7084,21.4726,4.5973
Abnormal,6.7017,8.465,13.2065,4.6024,3.4565,2.6899,8.9345,4.306,2.354,22.1558,25.8484,10.5425
Abnormal,6.7255,8.9136,12.6215,5.2817,7.8602,3.1951,9.3888,4.4528,1.4,16.423,23.282,9.8316
Abnormal,6.2988,8.8275,11.3196,5.4199,14.55,3.083,9.1934,5.1256,0.2123,14.3828,17.5031,6.9514
Abnormal,6.5002,8.2498,11.1099,5.4437,18.2545,3.0379,7.4444,5.0285,5.7236,21.1034,15.2967,14.272
Abnormal,6.7255,7.7756,11.0486,5.6131,18.4975,2.8576,6.2538,4.5799,9.7947,13.755,10.3578,16.9492
Abnormal,6.2805,7.8406,10.7858,5.8209,16.6874,2.5385,7.041,4.2413,2.4094,12.8965,15.8137,8.1145
Abnormal,4.7928,8.3148,9.7943,6.1249,14.1434,1.2126,7.9103,4.1823,2.3448,20.4387,10.8656,12.2041
Abnormal,3.4406,8.1656,8.3597,6.2814,14.2078,1.06,6.3162,4.2366,13.1827,21.5465,17.5861,9.7116
Abnormal,4.0585,7.3141,8.8806,6.5717,17.3222,0.5537,4.284,4.5799,9.5454,4.2373,7.8284,3.3511
Abnormal,5.1489,7.1823,10.351,7.2208,20.2629,1.2219,4.5464,5.3926,3.3418,11.3641,13.5335,3.7757
Abnormal,4.4128,7.9074,9.9637,7.2226,19.7125,0.1491,6.1,5.8677,4.9204,10.8009,9.8408,9.1208
Abnormal,2.8683,8.205,9.0655,6.4536,15.3236,2.4067,6.2006,5.0932,14.9921,9.1854,20.5679,9.9978
Abnormal,2.1414,7.7811,9.1443,5.8539,10.3794,3.6425,5.1152,4.6389,4.8281,1.9848,21.8327,14.3643
Abnormal,2.5452,7.4277,9.9994,5.7092,9.9926,3.3662,4.8308,4.4054,3.4526,1.0062,17.7708,13.2381
Abnormal,3.4232,7.6849,11.0257,6.0956,13.0871,1.7259,5.1129,4.0424,7.9576,4.2465,27.3254,1.9202
Abnormal,3.2336,8.2791,10.6979,6.4792,14.5351,0.3965,5.87,4.4181,3.9511,3.9603,18.1954,5.6774
Abnormal,2.3044,8.4769,9.9225,6.0571,12.3283,0.5884,6.5948,4.3707,8.2069,6.656,19.5432,3.9603
Abnormal,2.4811,8.1491,10.4132,5.6552,7.3395,0.6427,6.2966,3.9395,7.2099,9.7116,13.3027,5.4005
Abnormal,3.2062,8.0777,10.2264,6.3904,3.4863,2.7662,6.4908,4.173,4.6804,1.3109,19.5709,0.3416
Abnormal,2.8674,8.4091,8.595,7.1384,3.6102,2.6599,7.4745,4.8331,3.6834,2.4371,15.1305,7.3391
Abnormal,2.3181,8.5602,8.6087,6.839,6.6204,1.816,7.2075,4.7661,17.3277,17.4754,24.1867,3.7849
Abnormal,2.5424,8.4814,10.1111,6.5634,8.366,2.327,6.9427,5.2134,2.2433,2.631,23.2266,10.3763
Abnormal,2.7878,8.4027,9.8337,7.0633,5.6583,1.5964,6.4561,5.5695,2.9633,2.1417,34.3784,9.3977
Abnormal,2.8793,8.1244,8.4366,7.7444,0.972,0.6786,5.0516,5.4851,1.4309,9.4254,30.418,6.0559
Abnormal,3.4177,7.825,8.4595,8.2077,5.6286,1.3028,4.8435,5.9035,0.0185,0.5447,1.3663,11.8626
Abnormal,3.7326,7.9028,9.256,8.1601,6.7493,0.83,5.2458,5.5637,4.9666,6.5175,4.2188,11.5395
Abnormal,3.1027,8.0859,9.6387,7.2327,7.6965,0.4231,4.3985,3.4066,6.6467,4.8096,22.5989,2.0586
Abnormal,2.8088,7.7893,9.538,6.7419,9.09,0.3803,4.1303,2.4703,2.8526,13.7643,2.1879,15.6013
Abnormal,3.8947,6.9159,9.0372,7.6849,11.6093,2.0784,4.3777,3.7846,2.2433,9.5916,4.2465,24.6021
Abnormal,5.3091,6.4636,9.082,8.757,17.5304,4.0759,3.7766,4.0944,1.1355,6.5175,20.0602,3.4803
Abnormal,5.3732,6.8454,9.678,8.4467,23.0103,5.2227,4.5152,3.3662,0.6739,23.1712,4.6527,7.376
Abnormal,4.3881,7.0587,9.6204,7.2629,24.7459,4.0008,5.5544,2.7212,3.2218,13.4319,6.1851,15.0382
Abnormal,4.3231,6.7035,9.4519,6.806,24.3542,3.2968,3.9118,2.5489,6.6375,5.022,0.8493,15.4167
Abnormal,5.4831,6.3867,9.6066,7.4066,22.7425,4.5025,3.0229,3.1951,0,17.9646,19.3955,18.9986
Abnormal,6.47,6.4719,9.5837,7.7792,22.6235,5.0863,4.6482,3.2957,0.4431,24.9437,7.9299,6.0744
Abnormal,6.5744,6.8637,9.8355,7.3334,26.2535,4.5464,5.7452,2.8206,0.8124,10.8471,7.3299,7.0437
Abnormal,5.82,7.1292,9.8959,6.6769,30.2555,3.4598,6.2526,3.3858,3.8403,8.4284,3.388,4.145
Abnormal,4.8093,6.6605,8.9117,6.3071,32.016,1.764,5.3429,2.7894,10.5978,4.8373,13.2104,2.6772
Abnormal,4.5987,6.1606,8.3926,6.3007,30.6572,1.6796,3.7685,1.2982,6.9975,13.3673,9.5177,6.5452
Abnormal,5.2982,6.2851,9.3777,6.1716,26.2833,3.1801,4.9244,1.7629,2.3817,13.8935,11.1702,3.1203
Abnormal,6.0434,6.3565,10.9644,5.4227,24.5377,3.9326,6.0966,1.69,5.262,16.1922,1.0062,8.1607
Abnormal,6.1313,6.2558,11.3644,4.8514,27.3941,4.2875,5.7325,0.4578,2.6772,15.389,9.7947,3.3972
Abnormal,5.5225,6.0992,9.3787,5.1215,30.5431,4.5094,5.6273,0.7306,5.622,9.7485,2.1602,15.3798
Abnormal,5.5536,5.582,7.9376,5.3503,32.4524,4.0494,3.7511,0.2763,0.2769,6.259,13.5612,7.3945
Abnormal,6.7209,5.3925,9.8419,5.0116,32.7252,5.1995,3.0887,0.0497,1.0709,3.4249,21.7403,12.4349
Abnormal,7.1384,5.7339,11.1099,4.682,30.6671,5.9105,5.084,1.0531,15.7214,2.2248,5.5759,3.2403
Abnormal,6.2567,5.5893,8.5812,4.9063,29.5017,3.8367,4.1002,0.7606,12.6842,7.0714,2.8064,2.6772
Abnormal,5.7971,4.9164,6.5305,5.1315,29.9629,2.7339,1.8311,0.0462,9.407,7.3022,10.764,0.7755
Abnormal,6.2704,4.6106,8.3057,4.5703,28.8521,3.5639,2.4518,0.0543,12.8503,0.6647,14.6967,6.9791
Abnormal,6.6458,4.7223,10.7263,3.6722,27.171,3.1026,2.5223,1.3421,6.9421,3.1387,8.9269,7.8561
Abnormal,6.2878,4.6664,10.2887,3.3994,26.3279,2.3316,2.72,1.7813,5.5666,7.8191,7.8376,13.875
Abnormal,5.7422,4.5319,8.4796,3.4836,23.4913,2.4194,4.7036,0.5641,5.0035,8.5207,9.9055,12.4534
Abnormal,5.5591,4.6161,8.129,3.1805,19.529,2.1316,4.6227,1.4403,16.6261,14.0504,16.0075,17.1523
Abnormal,5.7001,4.8422,9.1443,2.7722,16.7866,2.6148,4.6077,2.7027,22.0542,3.9973,3.6003,0.9601
Abnormal,5.9125,4.9127,10.1056,2.3483,13.34,3.9419,6.6237,1.8646,8.4284,1.7355,7.6991,8.5023
Abnormal,5.9583,4.986,10.6714,1.8356,8.2024,4.3141,6.3775,2.0137,10.0624,5.5759,3.5911,9.4531
Abnormal,5.4703,5.0244,10.2036,1.6489,3.5954,3.9661,5.077,3.0899,15.2967,12.0749,7.1729,0.0092
Abnormal,5.1306,4.6252,8.7543,2.0682,0.7042,4.0089,4.4967,2.7431,9.8685,2.8618,3.1572,12.6842
Abnormal,6.0178,4.1739,8.5117,2.7438,2.2118,4.61,2.6379,2.179,1.0986,4.9574,2.1417,4.2742
Abnormal,7.1722,4.2728,9.8849,2.9718,5.3757,5.2331,2.0079,1.9073,2.3633,8.7792,9.3793,15.5275
Abnormal,6.9232,4.53,10.34,2.4866,6.9279,4.017,3.7268,2.2565,5.2805,1.7355,2.1694,12.2872
Abnormal,5.8694,4.2938,9.2249,1.9281,6.7394,1.7143,3.1743,3.7303,5.6959,9.3239,2.8526,17.9831
Abnormal,5.5106,3.8242,8.5419,2.0078,7.0717,1.223,2.3108,3.7661,8.2253,4.3573,4.1173,0.7755
Abnormal,5.8099,3.5751,8.92,2.2989,7.7213,2.1131,4.1106,2.8483,10.247,13.8935,8.3453,18.7678
Abnormal,6.2888,3.5541,9.191,2.634,7.8701,2.3062,4.5626,2.8055,12.2226,0.8216,2.2617,16.5891
Abnormal,6.4554,3.631,8.4558,3.2474,8.9314,2.3374,4.0286,1.9952,6.8775,8.8715,17.5215,2.0586
Abnormal,6.0571,3.5175,7.392,3.5129,10.0967,2.8044,4.2701,0.9595,5.1051,19.5525,6.2775,2.751
Abnormal,5.6323,3.2712,7.4167,3.1659,8.7181,3.0899,2.0935,1.9339,11.6225,8.4838,8.8254,14.5674
Abnormal,6.0242,3.0029,8.063,3.2712,5.0186,3.9719,0.1422,2.0264,6.7021,11.5672,8.3361,0.9416
Abnormal,6.8262,2.8464,8.0759,3.8553,1.4729,5.2689,1.1513,0.8392,1.0986,27.5285,3.2495,4.0065
Abnormal,6.5076,3.0734,7.8891,3.9432,0.238,5.0319,1.1976,1.067,2.9079,11.5672,8.133,3.6926
Abnormal,5.5975,3.2648,7.9312,3.4799,0.6992,3.335,0.9282,1.9594,0.9232,7.1083,11.2348,8.0222
Abnormal,6.2421,2.7777,7.727,3.5522,2.5787,2.7847,2.1778,1.6126,13.8566,11.881,3.6095,4.0619
Abnormal,7.6053,2.1982,7.2098,4.3936,3.635,3.6991,1.6045,0.7479,10.5148,9.1577,5.7974,6.5175
Abnormal,7.5339,2.4069,7.0038,4.6985,3.4267,3.6309,0.0335,0.771,1.1539,15.7214,3.7203,20.4848
Abnormal,6.6101,2.8839,7.6099,3.88,0.5703,1.9258,1.638,1.5698,3.905,3.6834,4.9481,7.5237
Abnormal,6.4416,2.7026,8.2462,3.2391,4.5128,1.6,2.6807,2.0715,0.1477,1.6248,1.8648,8.7238
Abnormal,7.0312,2.2412,8.1866,3.4808,6.8832,1.4773,3.6147,1.9998,4.8189,18.5001,2.5202,0.1108
Abnormal,7.3398,2.5003,7.8442,3.6548,4.3888,2.5374,5.2724,1.9108,15.3613,11.4841,7.376,9.7024
Abnormal,6.7044,3.175,7.869,2.9791,2.6134,2.4541,6.515,1.9386,1.9386,5.1328,3.8,16.7184
Abnormal,6.438,3.1989,8.6298,3.2,4.8103,2.3801,5.8885,1.8461,6.5175,15.1582,9.3608,3.9788
Abnormal,7.4176,2.7493,8.9117,2.1762,7.5775,3.4471,4.5418,0.9618,0.9693,7.9853,7.8191,3.4
Abnormal,7.9431,3.5,8.2,3.2977,6.9378,4.8146,4.4424,0.074,4.6,3.9973,10.8656,9.9147
Abnormal,7.1146,3.2446,5.9903,3.7463,2.4746,4.5904,4.7291,0.059,0.1939,3.1849,3.1664,5.9174
Abnormal,6.254,3.4918,6.7163,3.154,2.4994,2.957,3.513,0.5919,9.4439,9.5085,4.6066,4.6527
Abnormal,8.9,3.3023,7.7811,2.7301,2.9308,2.1,2.7709,0.5028,15.509,20.134,18.5,12.8134
Abnormal,6.98,3.2346,7.8644,3.1906,0.1785,3.8193,4.3,0.3595,8.9454,14.8721,4.8558,11.5579
Abnormal,7.132,3.4937,7.5018,3.8068,1.8745,3.4043,4.1777,0.5745,6.656,7.9022,9.0562,9.4254
Abnormal,6.6833,3.718,7.4341,3.7061,0.6645,1.7178,5.8342,0.897,16.8661,11.4102,27.0577,8.2715
Abnormal,6.3565,3.8406,8.1784,3.0853,8.1131,0.6231,7.5959,1.0427,1.0062,8.9085,2.6587,3.988
Abnormal,6.0132,3.9056,8.7112,2.7081,16.732,0.3965,7.3416,1.6727,15.7029,3.5172,9.2316,11.2256
Abnormal,5.5142,4.0924,8.4128,2.5882,20.5505,0.9074,7.1439,1.7397,14.7613,1.9756,11.4287,3.7665
Abnormal,5.1682,4.6188,8.9008,2.4188,20.377,0.5317,8.0987,1.601,10.2286,12.9427,4.2188,8.9362
Abnormal,4.8193,5.0995,10.1724,1.9693,18.7355,0.556,8.5657,1.7675,5.0404,8.1792,3.6649,7.9391
Abnormal,4.6399,5.2396,10.4141,1.6599,16.4543,0.0601,8.6247,1.2554,3.4988,10.3947,0.5631,15.7306
Abnormal,4.6848,5.5096,9.8154,1.9574,18.1206,1.5721,7.7415,0.6959,4.2373,6.4529,11.9918,0.6924
Abnormal,4.1693,6.0168,9.7467,2.0938,23.1342,2.1096,7.5519,0.1514,7.9391,6.9237,3.8588,5.1328
Abnormal,3.295,6.438,10.7831,1.4291,25.222,1.3178,8.701,0.1433,21.9527,3.9696,8.1145,6.7113
Abnormal,3.0295,6.7932,11.9943,0.9796,24.3195,0.8069,8.1958,0.467,4.3388,1.394,17.4477,4.4496
Abnormal,3.0945,7.0166,11.5924,1.5152,22.7722,0.9814,8.0259,0.7456,6.4898,2.151,25.6914,13.4135
Abnormal,2.8134,7.0908,10.3052,2.1359,21.6019,0.6612,9.3171,1.2438,6.1667,7.3299,1.634,6.8406
Abnormal,2.1405,7.4176,10.8746,1.6049,23.4615,0.608,9.9598,0.3572,0.3877,1.9848,2.234,12.0749
Abnormal,1.246,7.7399,12.4448,0.4816,26.3031,2.4923,10.0477,1.6519,5.1697,6.8683,12.158,6.3882
Abnormal,0.8313,7.4304,12.0337,0.314,25.9708,3.8656,9.3321,1.5941,10.5148,11.4195,3.231,0.0277
Abnormal,1.463,7.0587,10.9909,1.0675,24.4286,3.0529,8.1068,0.5884,6.9606,4.2373,8.0684,0.12
Abnormal,1.7093,7.424,11.8323,0.8624,23.2483,1.6345,8.9391,0.8046,0.6277,16.0168,3.0926,7.6622
Abnormal,0.6619,8.1866,13.288,0.6097,22.0829,2.6911,9.7148,3.1847,7.0621,0.0185,2.7602,9.7393
Abnormal,0.1273,8.5876,13.2523,1.2653,23.159,3.6228,9.2928,3.4644,3.0187,12.398,0.9416,3.0926
Abnormal,0.1273,8.4933,11.9467,0.3873,23.6054,2.5131,8.3553,1.7571,17.5677,5.4374,8.5484,8.8623
Abnormal,0.4962,8.5986,11.2509,0.3278,18.8248,1.238,7.8409,2.0414,9.6562,0.5816,5.3174,4.0711
Abnormal,0.6088,9.3787,12.3633,0.0623,12.9234,0.7826,9.6616,2.6402,3.9326,2.3817,3.7203,3.6742
Abnormal,0.4211,10.1038,13.2312,0.3415,9.829,1.0727,10.9551,2.0033,4.6066,3.7572,6.5452,9.0562
Abnormal,0.162,9.9188,11.6885,0.0925,8.1875,1.5409,9.4593,1.5721,7.1914,1.0155,10.127,10.2193
Abnormal,0.563,9.3887,9.8035,0.4953,7.275,1.1248,8.8986,1.3872,3.5818,1.5971,16.266,12.1118
Abnormal,0.5923,9.2844,10.4434,0.2911,4.5673,0.1665,10.6072,1.4692,0.7847,4.5696,11.7426,9.9055
Abnormal,0.6244,9.6515,12.5226,0.5603,0.4463,0.7109,11.7724,2.2356,14.4936,2.4648,13.1919,5.8343
Abnormal,1.03,9.7879,12.5638,0.5859,4.4086,0.2647,10.8661,1.8496,7.2099,9.5731,0.6001,12.4995
Abnormal,1.2625,9.0784,10.286,0.4056,8.371,0.0197,8.6247,0.2682,1.6063,3.6465,12.5088,14.549
Abnormal,0.6244,8.3835,9.3613,1.1819,13.6524,0.5445,7.0341,0.2092,5.5389,7.5699,4.2373,3.2957
Abnormal,0.2847,8.7552,11.0211,1.1215,17.6395,0.0347,7.3797,0.4728,3.1941,9.5547,18.9155,1.3017
Abnormal,1.225,9.2395,12.3029,0.455,19.6282,2.3801,7.604,0.4,1.8832,1.5878,3.6372,4.385
Abnormal,2.1066,8.7634,11.9504,0.0824,20.3671,4.21,5.5602,0.3664,0.1662,15.786,5.5389,12.7857
Abnormal,1.9318,8.0173,10.8719,0.9329,19.157,3.8586,2.9812,0.8392,14.2351,14.632,26.7162,9.8408
Abnormal,1.4493,7.8928,9.7586,2.3474,18.8446,2.3848,3.3234,0.1144,2.9356,1.274,12.8873,5.4374
Abnormal,1.7056,8.2736,10.0241,2.8262,21.3688,1.8889,4.2667,0.7051,6.2682,6.8591,11.881,4.7081
Abnormal,2.5552,8.3752,11.5283,2.4261,23.6252,2.2033,3.1778,0.5398,11.6318,16.1737,21.3342,6.379
Abnormal,2.5104,7.9834,11.748,2.7924,23.6004,1.4958,3.4691,1.7247,9.3054,4.3019,12.0103,9.767
Abnormal,1.9116,7.8058,10.231,4.3149,21.8945,0.0821,5.114,3.165,10.8933,9.0377,21.9157,4.9204
Abnormal,2.0444,8.2727,9.9728,5.3632,18.1107,0.3768,6.2076,3.0171,4.265,13.8474,31.8858,5.022
Abnormal,2.1497,8.7726,11.9815,5.3384,12.5912,0.3063,8.3912,3.4563,12.8873,7.4406,21.6942,3.0372
Abnormal,2.2083,8.8889,12.8558,5.6543,8.4305,0.319,9.6928,4.9938,3.1849,2.0494,21.4172,3.388
Abnormal,2.9178,8.7588,10.8756,6.7209,7.4188,1.5617,7.9068,5.8099,5.8436,2.7141,8.9731,8.9546
Abnormal,2.9288,8.291,9.5847,7.5641,9.09,1.9571,6.5035,6.285,4.865,2.3448,4.6066,12.2041
Abnormal,1.5353,7.8589,11.4523,7.9687,10.6571,0.6994,5.5579,6.8792,3.1664,8.0499,6.5175,16.4968
Abnormal,0.0082,7.7728,13.6652,8.3963,6.179,0.6312,3.454,6.8988,4.6158,1.1539,4.2465,3.6926
Abnormal,0.8002,7.4799,13.2156,8.9621,2.3209,0.9895,2.9581,7.7427,9.7116,3.0556,13.3765,1.2278
Abnormal,0.7187,7.0459,11.2665,9.7485,5.9361,1.0381,2.6818,8.8339,4.0896,4.5419,28.184,8.7977
Abnormal,0.5045,7.1255,10.4773,10.5286,2.7374,1.4195,1.3155,9.2813,1.2001,0.5724,14.7244,15.786
Abnormal,1.5152,7.1301,11.6006,10.957,3.6648,2.735,1.7825,10.0512,6.3698,11.2256,9.7301,11.8164
Abnormal,3.4955,6.6833,12.8934,11.3507,9.4769,5.1175,2.794,11.3424,3.148,4.6435,15.0013,1.8094
Abnormal,4.6078,6.6257,12.4429,11.9586,9.3082,6.8757,2.7801,12.57,4.782,4.6435,11.881,1.1539
Abnormal,4.1043,6.8994,11.0541,12.095,4.7508,6.4064,3.6933,13.5098,6.2036,11.8164,12.4165,19.5617
Abnormal,3.6356,6.7868,11.1502,11.7188,4.612,5.6862,3.8343,13.1145,17.7061,10.6902,13.2104,10.3578
Abnormal,4.53,6.3968,12.3999,11.8176,10.1513,6.4873,2.7408,12.7457,12.2503,10.1824,25.3406,10.1824
Abnormal,5.4694,6.2741,12.3029,12.6846,14.1335,6.9982,3.3812,14.1444,3.1203,8.2438,9.8132,21.9804
Abnormal,5.4089,6.5506,11.1438,13.4445,13.9401,5.8203,4.7926,15.4911,0.0369,9.6654,1.7263,3.231
Abnormal,5.0281,6.7346,11.0056,13.439,11.4754,4.2031,4.5245,15.2311,1.2463,1.9017,4.1819,3.0464
Abnormal,5.1791,6.2979,11.5375,13.0884,10.429,3.2356,3.4448,14.6623,3.3418,4.1265,5.8805,19.3032
Abnormal,6.5588,5.4932,11.6071,13.4271,12.5218,3.6205,2.0738,14.43,9.1577,8.4377,8.7608,18.417
Abnormal,8.1958,5.1682,11.272,14.5432,14.7087,5.3429,2.1455,15.5235,4.8189,7.0437,1.117,3.4803
Abnormal,7.6785,5.5637,10.3619,15.0247,12.6011,5.0053,4.0447,16.2229,4.4312,8.7054,2.9726,4.2558
Abnormal,6.0031,5.8118,9.4354,14.2163,7.8354,2.5165,4.284,14.6681,2.2987,17.9369,2.9818,20.411
Abnormal,5.7248,5.3961,9.7037,13.4912,6.2683,1.8299,3.2714,13.6716,1.4032,19.8109,1.7078,10.1547
Abnormal,6.3739,4.9329,10.3372,13.7888,11.9812,4.0216,4.039,14.5802,0.1292,13.0165,8.9915,9.5916
Abnormal,6.4352,4.9246,9.9646,14.2969,19.5637,4.506,3.7557,14.5074,2.2525,1.9386,4.3758,16.6353
Abnormal,5.9647,5.0244,9.1415,14.1669,20.3323,3.7777,3.2425,13.793,1.5601,17.1707,3.7572,0.1569
Abnormal,5.506,4.6133,8.7167,13.5242,14.193,3.4633,3.2483,13.7688,7.5883,3.2587,14.3736,4.2373
Abnormal,5.5527,3.7921,8.6142,12.9831,8.7875,3.5939,1.5432,13.0116,2.5018,3.7849,16.8476,20.1156
Abnormal,5.9216,3.4277,8.5794,12.6645,10.2852,3.8309,0.7942,12.1215,5.1697,2.2248,11.5579,0.5816
Abnormal,5.8044,3.8828,8.4521,12.312,19.8563,3.2448,2.3616,12.0406,3.7757,9.4347,18.5278,4.7081
Abnormal,5.2304,4.3616,8.2086,11.8149,31.1829,1.5363,3.0148,11.7019,18.2416,25.6914,32.7998,2.6587
Abnormal,4.9283,4.2224,8.1839,11.4304,35.0857,0.815,2.8379,10.8615,2.631,7.8745,18.8693,7.8468
Abnormal,5.0812,3.869,8.0731,11.4597,31.2821,0.7965,3.3962,10.2592,10.3855,0.5447,6.3513,6.776
Abnormal,5.0592,4.01,7.3563,11.7032,28.3165,0.3052,4.4193,10.1182,3.2495,13.3027,4.9297,4.9297
Abnormal,4.5712,4.2407,6.8774,11.3507,32.4326,0.5999,5.1649,9.6547,2.1879,1.7448,3.7388,3.0649
Abnormal,4.4128,3.8809,7.2894,10.5753,42.2367,1.097,5.4608,8.6282,15.8875,0.5908,2.271,3.6557
Abnormal,5.2734,3.2648,7.3672,10.448,51.3069,0.2474,5.7798,8.5056,2.9449,22.2296,19.4048,1.0709
Abnormal,5.8218,3.1934,6.535,10.6375,54.5452,0.3838,5.4515,8.138,5.4005,14.4197,7.5791,2.6679
Abnormal,4.3323,3.5724,5.9106,9.657,53.3352,0.8589,5.4354,6.0503,10.5794,0.1939,3.4249,15.4167
Abnormal,2.2842,3.3481,6.2714,7.532,52.636,2.5558,5.3602,3.8771,4.025,1.0709,10.247,5.262
Abnormal,2.7356,2.2302,7.5687,6.1487,55.3784,2.0646,2.6668,2.3466,13.5058,9.2777,4.9204,15.3429
Abnormal,4.8761,1.3971,8.205,6.373,60.6796,0.7653,0.4682,1.8322,20.2541,1.7632,2.6679,2.4648
Abnormal,5.1654,1.6086,6.7722,6.7657,65.9809,1.9039,2.0229,1.4022,8.8069,2.0033,8.89,18.3154
Abnormal,3.4616,1.9189,5.3897,5.9244,67.9794,0.2231,2.5431,0.741,0.3139,5.9636,10.0255,7.2929
Abnormal,2.569,1.398,6.2311,4.4037,65.4305,1.8969,1.6345,2.5952,9.7855,2.5202,4.8835,7.3391
Abnormal,3.0789,0.6857,7.402,3.7024,60.5755,1.297,2.7292,2.4356,1.5601,17.1892,7.6991,10.8563
Abnormal,3.165,0.7214,6.5662,4.0833,56.9355,1.5559,2.5651,3.1731,2.5479,0.3693,2.0679,3.2218
Abnormal,2.4582,1.1884,5.3119,4.2783,54.813,2.6888,2.0727,4.2921,16.2106,2.3356,5.2343,7.9761
Abnormal,2.049,1.2231,5.8594,3.4424,52.1946,2.6102,3.921,4.3326,2.7141,9.3239,14.4474,14.9551
Abnormal,2.0663,0.7672,6.6449,2.417,49.0059,2.4842,2.7974,4.966,10.284,7.1914,9.3516,14.3551
Abnormal,1.9839,0.3891,5.647,2.2504,43.3178,2.5119,0.7271,5.2261,2.7141,3.3511,4.3204,0.36
Abnormal,1.7633,0.4376,4.6152,2.644,35.4279,1.0115,2.5038,4.6713,3.0833,22.4235,12.398,9.8132
Abnormal,1.5408,0.8011,5.1553,2.6376,28.8719,0.0173,2.7732,5.277,11.161,1.2832,3.8034,2.2433
Abnormal,1.688406,1.045908,6.189462,2.28327,25.099242,0.337212,1.844058,5.298798,1.167594,6.50658,0.14127,18.926508
Abnormal,1.920864,1.175652,6.497604,2.114256,22.605546,0.029478,4.043076,4.192812,2.448204,21.902052,5.621424,21.487728
Abnormal,1.303662,1.5147,5.644068,2.325294,21.254964,0.600168,4.627944,4.900284,19.510356,9.886962,15.536742,1.13934
Abnormal,0.50898,1.671576,3.949236,2.639964,18.503208,1.79928,4.383858,4.842552,9.613908,25.734498,16.167612,3.408636
Abnormal,0.998274,1.519392,4.271352,2.525112,11.725104,1.253376,6.026364,4.109172,5.75331,23.954802,2.730744,5.97924
Abnormal,1.594056,1.789284,6.645198,1.794792,1.05723,0.8619,5.284722,6.058188,18.333378,4.218414,5.649678,0.065892
Abnormal,1.06641,2.184228,6.758214,1.214004,10.20255,1.741548,4.574904,6.988428,10.442556,16.20525,6.779634,10.847496
Abnormal,0.892704,1.805094,4.579494,1.378326,15.640272,1.774494,5.64315,5.133762,0.668508,16.760844,14.811726,11.544258
Abnormal,1.501644,1.413822,3.83622,1.681878,13.242558,1.645974,3.974736,5.004018,5.772078,6.252396,3.84183,11.233566
Abnormal,1.546422,1.728492,4.756056,1.162596,9.534858,1.265208,3.546744,5.7528,22.918992,0.254286,3.323874,4.435062
Abnormal,1.320492,2.025516,5.807574,0.357612,11.836386,0.33252,5.986278,5.32593,13.27683,10.508448,6.760866,5.320116
Abnormal,1.656582,1.976964,6.096132,0.405246,20.577174,0.372606,5.346024,4.662114,6.836142,8.455698,0.960432,25.489698
Abnormal,2.074986,1.82937,5.35653,0.981444,28.346616,1.55754,4.382634,3.814392,23.0979,7.457628,9.632778,20.687436
Abnormal,2.086206,1.86864,4.2891,1.511844,28.50849,2.754306,6.437832,2.871096,15.320196,6.78912,12.419928,2.768382
Abnormal,1.772454,2.17209,3.75309,1.9125,24.563028,1.974924,6.046356,2.814486,10.197756,20.395512,12.052728,14.209008
Abnormal,1.653828,2.347632,4.445976,1.914336,21.83157,0.99399,4.566642,2.28276,23.757024,10.131864,7.900206,6.40305
Abnormal,1.808868,2.425152,5.49372,1.832226,20.566974,1.123632,5.573586,1.406682,23.069646,10.96041,17.617746,10.819242
Abnormal,1.687488,2.854776,4.879272,2.214114,21.664698,0.223992,5.7681,1.959624,4.171392,34.331466,29.001864,16.176996
Abnormal,1.435344,3.237582,4.015536,2.497062,23.333928,0.25704,5.456796,1.798158,17.919054,32.090424,16.007574,8.775876
Abnormal,1.483896,3.363654,5.251878,2.32152,21.76578,0.359652,6.744342,0.652086,36.186438,8.163876,3.248598,11.516004
Abnormal,1.097214,3.632628,5.986788,2.261748,19.337874,1.117818,5.417934,1.798158,22.09983,24.331488,7.702428,0.376686
Abnormal,0.41463,3.691482,4.431084,2.634354,19.459254,2.31336,3.99126,2.287452,18.069708,26.883222,4.303176,12.598836
Abnormal,0.422994,3.4935,3.508392,3.187194,21.750684,0.85017,5.58654,0.722772,30.847452,6.073488,12.495306,1.186464
Abnormal,0.440742,3.522468,4.656096,3.098454,23.829648,0.306612,5.355408,1.390158,17.429352,10.06587,1.073448,14.529186
Abnormal,0.03825,3.606516,5.942928,2.527866,21.89736,0.538866,5.01942,1.774494,20.207118,13.606392,6.977412,6.977412
Abnormal,0.108324,3.49911,5.497494,2.904246,16.677204,0.766428,6.892956,0.613122,25.301304,9.303216,6.48771,4.020738
Abnormal,0.649944,3.33285,3.903438,4.10142,12.837924,2.280312,6.075834,1.622412,11.591382,19.04901,4.868154,5.320116
Abnormal,0.733074,3.39354,3.883854,4.304094,12.256218,2.380578,3.986466,0.16269,16.007574,17.87193,0.866286,15.988704
Abnormal,0.316608,3.828774,5.717916,3.461778,15.205242,1.543464,4.992288,0.23817,10.056486,13.92657,8.983038,3.653436
Abnormal,0.111078,4.119168,6.498624,3.123648,18.897744,0.804168,6.272796,0.674424,11.497134,15.583764,2.56122,5.941602
Abnormal,0.250308,4.188222,5.75433,3.726978,18.92814,0.235824,5.686704,0.881994,19.94355,17.758914,10.99815,11.845566
Abnormal,0.190536,4.594488,5.154774,4.187304,16.100496,0.07548,5.60184,0.323034,19.265556,18.549924,10.009464,7.01505
Abnormal,0.139128,5.30604,5.729136,3.771756,14.28969,0.557736,6.534528,0.204,27.363438,22.156338,6.78912,3.08856
Abnormal,0.563142,5.891622,7.26342,3.041538,14.188506,1.17912,7.061562,0.722772,10.36728,29.64222,5.950986,3.813576
Abnormal,0.854454,6.043806,8.034744,2.711874,15.807144,1.446768,7.396428,1.136688,8.135622,27.297546,5.254224,12.11862
Abnormal,0.616284,5.934564,7.303506,2.905164,17.961996,0.944418,8.09676,0.936156,13.1733,27.250524,4.642224,2.306934
Abnormal,0.162486,5.976588,6.4566,3.257268,18.407124,0.008262,8.491806,0.853638,11.139318,26.544276,7.38225,0.40494
Abnormal,0.218484,6.055944,6.832878,2.85753,17.026248,0.60843,8.841972,1.181466,0.10353,19.858788,0.4896,8.5782
Abnormal,0.86751,5.774832,8.233644,1.579164,14.830902,0.32895,8.910414,1.284078,11.87382,23.182662,2.19402,9.0678
Abnormal,1.25511,5.025948,8.75007,0.772242,14.046828,0.069564,6.152436,1.758072,11.12055,26.02632,2.68362,5.310732
Abnormal,0.7956,4.191996,6.943038,1.496952,15.746454,0.621384,2.00328,2.129454,5.075316,17.947308,2.448204,0.226032
Abnormal,0.23715,3.793278,4.840104,2.779092,16.798584,1.849974,2.206056,0.55539,16.421898,12.25989,2.269296,4.322046
Abnormal,0.28203,4.009008,5.51616,2.808978,15.984216,2.341716,3.540828,0.418608,30.39549,12.815484,8.9454,16.59132
Abnormal,0.608838,4.367538,7.714464,1.814478,14.790408,0.92208,1.615374,0.6426,10.273032,10.06587,5.131824,18.352146
Abnormal,1.101906,4.27788,7.378272,1.694934,13.080786,0.261732,0.792336,0.34425,7.862568,15.96045,15.282456,4.180776
Abnormal,0.982362,3.731568,4.983006,3.03399,12.089346,0.157998,0.722772,2.130576,6.468942,16.20525,6.949158,2.56122
Abnormal,0.205428,3.71943,4.44975,4.36662,12.382698,0.262956,0.141474,1.914846,13.003776,8.229768,15.150672,21.139398
Abnormal,0.74052,4.634676,5.818692,4.313376,12.9846,0.799374,2.00685,1.412598,16.299396,4.905792,12.815484,5.922834
Abnormal,2.270112,5.170686,6.175488,3.501864,13.556208,2.637618,3.938118,1.222674,17.410584,6.78912,0.612102,10.696842
Abnormal,2.210442,4.396506,5.003508,3.886608,13.192068,3.429954,1.45146,1.446768,3.163836,0.99807,10.941642,3.888852
Abnormal,1.172898,3.508392,3.794196,5.461998,11.881878,1.421982,0.982158,3.078564,8.013222,9.143076,10.97928,4.783392
Abnormal,1.101906,3.917412,3.790422,6.348276,12.382698,0.35139,2.762568,3.47718,14.265516,0.828648,3.493398,5.687418
Abnormal,1.997466,4.699038,4.196688,5.97465,13.348842,1.862928,2.59284,2.863956,5.423748,1.676064,5.216586,2.043366
Abnormal,2.787456,4.351728,3.86886,5.546046,11.775696,2.496144,1.801626,3.885078,12.476436,15.508488,0.499086,6.374796
Abnormal,2.256138,3.368346,3.862332,5.821548,10.32393,1.25103,0.63903,3.717696,16.431282,18.5028,13.973592,10.87575
Abnormal,1.224306,3.100392,4.66548,6.274428,9.261702,0.281826,1.717884,2.178924,3.003798,3.220344,12.250506,8.709984
Abnormal,1.559478,3.575712,4.799916,6.3342,7.23843,0.60843,0.297126,2.584578,18.220362,10.904004,1.468902,20.160096
Abnormal,1.947996,3.384258,4.248912,6.188544,5.75127,0.334866,0.617814,3.589176,18.64407,17.184552,16.628958,8.003736
Abnormal,0.689214,2.399958,4.302156,6.509742,3.181686,0.488172,1.85946,4.741164,5.047062,8.7006,21.685506,3.766452
Abnormal,0.451962,1.976964,4.5441,7.194264,1.05213,2.26032,0.507042,5.460366,11.026404,25.131882,14.472678,14.708094
Abnormal,0.675138,2.235636,4.212498,7.64439,3.662208,1.7238,0.061302,5.026458,4.896408,9.792816,30.301344,6.77025
Abnormal,0.92259,2.366298,3.564492,7.92642,6.322878,1.169634,1.497462,6.13836,13.625262,6.836142,17.372844,13.13556
Abnormal,1.00011,2.206668,2.975238,8.236398,10.774158,0.939726,1.625982,6.65244,16.902114,10.988664,3.70056,2.94729
Abnormal,1.258782,2.15067,3.281544,8.442846,14.704422,0.920856,0.001224,5.851842,6.77025,9.1902,34.491504,7.40112
Abnormal,2.058156,2.408322,4.185468,8.812596,17.855814,2.69892,1.482162,7.045038,13.775916,14.92464,33.502818,1.676064
Abnormal,2.93505,2.502672,3.835302,9.719376,20.486088,3.826122,1.41372,8.275974,14.06784,9.274962,17.580006,5.320116
Abnormal,3.697092,2.195448,2.759508,10.625238,23.37942,4.284816,0.06018,9.424494,8.738238,4.566846,17.74953,9.218454
Abnormal,3.743706,2.381292,3.031236,10.4907,27.51705,5.736276,1.306416,10.21683,18.097962,6.949158,17.212806,0.77214
Abnormal,3.414144,3.019098,4.30593,9.719376,30.132228,5.738622,1.423206,8.127462,5.065932,8.691114,15.885174,0.828648
Abnormal,4.27788,2.976156,4.95771,9.843612,29.783184,5.85888,1.624758,7.945902,7.071558,1.553664,7.580028,2.777766
Abnormal,5.649678,2.679132,4.488918,11.051088,29.282466,7.51077,3.741258,10.456122,14.736348,0.583848,7.655406,0.470832
Abnormal,5.758002,3.317958,3.800724,11.771922,29.176182,7.323294,3.847338,10.057608,18.455778,14.595078,1.064064,0.99807
Abnormal,4.76442,4.370394,3.943626,11.296602,29.236872,5.29533,4.98168,8.839626,21.902052,9.566886,3.17322,1.52541
Abnormal,4.221882,4.534716,4.711176,10.612182,30.278904,3.951174,6.61113,8.983446,7.476498,19.877556,16.619574,8.079114
Abnormal,5.36112,3.95199,5.191188,11.225712,31.781262,4.578372,5.25759,9.610746,15.028272,19.887042,1.346502,7.467012
Abnormal,7.092468,3.91374,4.650486,13.075584,32.362968,7.070946,5.504022,12.136368,15.706266,2.335188,4.821132,9.011292
Abnormal,7.11399,4.765338,3.536442,13.882404,32.003826,7.410606,7.098078,13.605474,4.783392,10.83801,4.237284,3.794706
Abnormal,6.25209,5.325726,3.86886,12.853326,29.611212,5.058282,6.332874,12.464196,10.22601,10.75335,23.662878,14.792856
Abnormal,6.733938,4.743918,5.36214,12.003564,25.402692,5.191494,5.804616,13.014792,10.847496,7.109196,13.465122,6.817374
Abnormal,7.941312,3.943626,5.495658,12.578844,21.816372,7.336248,4.40385,13.67157,6.50658,27.071616,6.327672,12.288144
Abnormal,8.299026,4.137834,4.270434,13.361388,20.728848,8.199372,3.471264,12.73419,2.740128,17.495346,10.781502,8.898276
Abnormal,7.862874,4.771866,4.098564,12.846798,20.96151,8.02485,6.691302,12.494796,0.065892,11.054658,0.734502,5.056548
Abnormal,7.546368,4.696284,5.236986,11.366676,21.866964,6.75852,7.398774,11.04099,6.91152,23.804148,5.847456,14.17137
Abnormal,7.73313,4.247994,5.558184,10.888602,22.130022,6.023916,5.08419,9.769968,10.885134,6.732612,22.570662,9.519762
Abnormal,7.93764,4.278798,3.982794,11.936346,19.332774,7.10634,6.908256,11.616372,16.007574,4.284408,5.565018,4.152522
Abnormal,7.819014,4.670172,2.583966,12.815994,14.765112,6.967212,8.813718,12.256626,10.659102,16.374774,2.514096,0.87567
Abnormal,8.099208,4.909158,3.645684,12.49755,11.032116,5.52993,8.168772,10.898292,10.696842,9.463254,16.553682,19.406826
Abnormal,8.930304,4.951182,5.579706,11.606682,8.503026,5.940276,8.601456,10.737948,11.318226,9.858708,3.794706,9.293832
Abnormal,8.86584,5.042676,5.165994,11.186442,8.53842,5.41671,6.813906,9.287712,0.885156,27.391692,4.529208,5.329602
Abnormal,7.547286,4.933434,2.87436,11.189298,11.44695,3.308472,4.534818,7.522602,9.858708,5.583786,11.186442,2.711874
Abnormal,7.120518,4.590714,2.777256,10.97163,12.397896,3.387522,5.334192,7.607466,5.414364,15.743904,2.551836,5.640294
Abnormal,8.15796,4.549608,4.926906,10.687764,11.325468,4.850814,4.553688,7.364604,3.917106,22.890738,1.949118,20.244858
Abnormal,8.708046,4.843776,5.215464,10.873608,12.205626,4.741164,4.126818,7.557996,17.796654,5.131824,13.92657,13.5405
Abnormal,8.113182,4.976376,3.711984,11.031402,13.414632,4.347342,6.226794,7.792596,10.320156,13.766532,7.80606,13.323954
Abnormal,7.47813,4.904466,3.632628,10.407672,13.379136,4.461684,6.237402,6.196092,0.715632,11.704296,5.59317,4.952916
Abnormal,7.524846,4.900794,4.922214,9.276696,13.090884,4.261254,6.650094,4.606728,6.563088,2.655366,4.887024,0.762756
Abnormal,7.46232,5.016564,5.796354,8.524956,12.200628,4.262376,8.829018,4.362642,3.606414,9.689286,4.171392,3.45576
Abnormal,6.77127,5.11275,5.69925,8.131848,12.18543,3.694134,9.578922,3.33795,3.305106,11.34648,27.4482,4.849386
Abnormal,6.348276,4.964238,5.335926,7.619196,13.874856,1.979718,9.161538,2.273274,2.919036,13.305084,14.858748,6.40305
Abnormal,6.681612,4.69251,5.62734,7.15785,12.342204,1.5198,8.290152,1.89363,2.570604,21.506598,5.24484,4.463316
Abnormal,6.664782,4.639266,6.009228,6.795546,6.55554,1.877106,7.38939,1.354764,1.026324,15.800412,26.807946,6.676104
Abnormal,5.755248,4.828884,5.98587,6.33981,0.728382,0.507042,6.585222,0.778158,9.416232,17.532984,23.700618,3.43689
Abnormal,4.770948,5.078172,6.134382,5.928954,3.075402,0.247656,4.945062,0.864246,6.591342,19.576248,22.438776,0.762756
Abnormal,4.585104,5.20149,6.202518,6.062472,4.137732,0.715734,4.499424,1.17198,4.792878,12.89076,21.996198,5.329602
Abnormal,5.16222,5.23413,5.956902,6.760968,2.97432,1.505724,5.356632,1.588242,2.80602,16.59132,10.546188,4.87764
Abnormal,5.36214,5.601126,6.344502,7.043916,4.775028,2.413626,5.669058,2.064582,2.966058,21.18642,22.024452,8.248638
Abnormal,4.6869,6.05778,7.151322,6.295032,11.143398,2.584578,6.710172,2.124762,2.871912,16.845606,18.898356,2.128026
Abnormal,3.972594,5.96904,6.957114,5.587152,16.57602,1.182588,6.993222,1.421982,0.91341,20.734458,7.391736,20.621442
Abnormal,3.987486,5.49372,6.054108,5.688948,16.409046,1.11537,6.10419,1.018776,8.465184,17.269314,12.005604,9.020676
Abnormal,4.574904,5.25096,6.446298,5.617038,12.848022,2.367624,7.190082,0.77112,10.790988,17.843676,13.239192,4.971786
Abnormal,4.850304,5.574096,8.266284,4.965258,12.453486,1.880676,8.311368,0.282948,7.702428,30.790944,4.3503,19.764642
Abnormal,4.321842,5.767386,8.64552,4.489938,18.730872,0.232254,7.487208,1.155456,4.359684,28.370994,3.05082,9.340854
Abnormal,4.25085,5.198634,7.249344,4.423638,26.697684,0.4386,6.647748,1.155456,9.519762,23.107386,7.241082,9.519762
Abnormal,5.381724,4.651404,7.337166,4.409562,29.110494,0.47277,5.950884,1.2699,5.75331,25.301304,17.165682,14.114862
Abnormal,6.114798,5.067054,8.993748,4.186386,25.48368,1.559886,5.465058,1.546932,22.09983,7.146936,13.80417,0.885156
Abnormal,5.347146,5.779524,9.076878,3.759618,19.691916,0.972774,5.99097,1.301724,5.499024,1.374756,3.474528,3.079074
Abnormal,4.48239,5.801964,7.90398,3.528996,16.424244,0.469302,6.128874,0.36669,8.135622,24.896466,3.794706,6.50658
Abnormal,4.810218,5.402226,7.977726,3.64854,17.69394,2.103444,5.487498,0.231132,4.821132,20.16948,4.284408,8.888892
Abnormal,5.524626,5.424666,8.98161,3.776448,18.660084,3.672816,5.157324,0.029478,4.651608,9.538632,9.369108,15.461364
Abnormal,5.318178,5.90274,9.012516,3.812862,15.95382,3.882732,6.665394,0.433908,6.977412,10.339026,2.43882,9.802302
Abnormal,4.087446,5.924262,8.207532,3.425364,12.757038,2.860488,7.835028,0.864246,7.937844,5.950986,4.387938,0.75327
Abnormal,3.556026,5.269626,8.6445,2.46534,10.38972,1.847628,6.56166,0.146166,6.845526,9.199584,4.49157,9.359724
Abnormal,4.423638,4.943736,10.149918,1.983492,8.735688,2.673012,6.288096,0.740418,8.587584,20.320134,3.389868,0.197778
Abnormal,4.706586,5.369586,10.162056,2.481252,8.811576,2.67648,7.436514,0.728688,12.608322,0.734502,3.691176,11.431242
Abnormal,3.823164,5.827158,9.169392,2.737068,8.21967,0.575382,7.078086,1.292238,1.129956,3.17322,7.947228,13.27683
Abnormal,3.254412,6.055026,9.47937,2.301936,6.06492,0.584868,6.546258,1.457376,9.896448,15.85692,0.169524,1.42188
Abnormal,2.933214,6.208128,10.048122,1.921884,5.346636,1.37598,5.632542,2.119968,10.564956,12.721236,1.29948,9.585654
Abnormal,2.914548,6.234342,9.780066,2.066622,5.422524,1.075284,4.994634,2.713098,8.380422,15.762672,13.691154,9.105438
Abnormal,3.477588,6.401418,9.788532,2.68668,4.911606,1.26276,6.170184,1.747362,4.802262,11.36535,8.907762,1.854972
Abnormal,3.268386,6.757296,9.929496,2.85192,3.874674,1.726146,6.665394,1.418412,1.29948,4.397322,2.617728,5.809818
Abnormal,2.342022,6.731082,9.955608,2.09457,0.961044,0.677994,6.223224,1.788672,2.081004,5.583786,3.08856,14.491548
Abnormal,2.106708,6.340728,10.207752,1.605276,1.006638,1.294686,6.046356,1.278162,5.546148,6.779634,2.015112,2.608242
Abnormal,2.367318,5.866326,9.786594,1.806012,0.131478,2.223804,5.710368,0.681564,7.193958,1.676064,8.672346,13.512246
Abnormal,2.910774,5.673036,9.19173,2.307546,1.244298,2.915874,6.364698,0.154428,5.59317,3.549906,0.903924,0.903924
Abnormal,3.273996,5.929872,8.927448,3.038682,0.98634,3.17883,6.982512,0.936156,23.973672,2.636496,10.339026,1.854972
Abnormal,3.048066,6.1353,8.40174,3.363654,3.252474,2.11293,6.986082,1.325286,2.92842,16.704336,6.600726,9.218454
Abnormal,2.86314,6.316452,8.877978,3.027462,11.087808,1.146072,6.723126,1.28163,6.299418,3.33336,10.47081,17.74953
Abnormal,2.705346,6.672228,9.98274,2.725848,15.862836,0.508164,6.37296,0.273564,21.271182,3.107328,13.757046,6.883266
Abnormal,2.657712,6.802074,9.736206,2.821116,15.40251,0.008262,7.995372,0.033048,5.99811,1.393626,5.263608,3.43689
Abnormal,3.113448,6.787182,8.928468,3.33285,12.92901,0.360774,8.568408,0.697986,9.246708,1.723188,1.751442,4.538592
Abnormal,3.193722,7.02525,8.336358,3.973512,10.94613,0.59313,6.37296,0.743988,23.60637,4.284408,5.546148,13.606392
Abnormal,2.920158,7.088796,8.109408,3.89691,13.571406,0.660246,7.467216,1.450236,9.642162,1.101702,6.148764,22.184592
Abnormal,3.094782,7.10277,9.179592,3.528996,19.833594,1.63302,8.985792,2.065806,8.512206,19.90581,7.749552,11.89269
Abnormal,3.259104,7.114908,9.925722,3.702702,22.81791,2.463096,6.6147,1.380672,18.446292,10.263648,11.374734,18.757086
Abnormal,3.51033,6.82635,9.07596,4.422618,20.749146,3.193008,7.028514,2.443104,4.952916,17.561238,10.809756,12.90963
Abnormal,3.650376,6.824514,8.431626,4.995144,14.851098,4.264722,9.5931,4.178736,5.094186,23.700618,17.542368,15.59325
Abnormal,3.070506,7.24659,8.938668,4.759728,6.727512,3.45474,7.859814,2.747268,2.062134,2.081004,19.717518,24.13371
Abnormal,3.147006,7.311054,10.261914,4.154664,2.018274,2.628234,7.51791,2.675358,9.613908,1.54428,9.152562,20.244858
Abnormal,4.015536,7.26801,11.295684,4.32276,1.952484,3.490134,9.636654,5.290536,13.7853,14.952894,8.380422,11.186442
Abnormal,3.556944,7.650918,10.529052,4.827048,1.406172,2.055198,8.055552,4.7175,10.112994,17.193936,11.402988,0.847416
Abnormal,2.689434,8.05341,9.61758,4.86438,1.942386,0.049572,6.798606,3.498396,10.10361,2.109258,2.70249,10.668588
Abnormal,3.339378,8.201922,10.510386,5.348064,7.248528,1.271022,8.88675,5.486274,0.047124,2.956674,0.207162,4.547976
Abnormal,3.921186,8.315856,11.254578,6.275346,10.966326,2.18841,9.107274,6.447216,6.563088,4.416192,5.781564,4.359684
Abnormal,3.312348,8.563308,10.880136,6.458436,10.58199,1.208598,7.590942,5.69619,10.423686,1.883226,36.911454,22.570662
Abnormal,2.893026,8.953662,10.44123,6.361332,10.384722,1.45503,8.240682,6.406008,2.099772,0.762756,31.93977,0.922794
Abnormal,2.883642,8.857476,9.922968,6.770352,13.439928,2.474928,8.73936,7.935294,16.534812,3.870084,32.485878,7.730682
Abnormal,2.99013,8.439072,9.922968,7.113072,18.042882,2.5551,6.783306,7.700592,8.879508,4.369068,34.99059,12.900144
Abnormal,3.109674,8.443764,10.881972,6.893568,21.95295,2.807448,5.933136,6.859908,5.903964,7.41999,27.033876,7.335228
Abnormal,2.96871,8.4354,11.6076,6.338892,21.942852,3.340398,7.554426,7.112256,1.54428,18.03207,29.143134,11.497134
Abnormal,2.955552,7.97589,11.427366,6.055944,18.199758,3.096312,6.738528,7.280862,8.653476,9.585654,35.98866,23.540478
Abnormal,3.054594,7.594002,10.724178,6.028812,15.002874,2.671788,3.98769,6.257394,10.536702,12.50469,24.359742,20.075334
Abnormal,2.798676,7.596756,10.537416,5.647842,14.031732,2.176578,4.19169,5.225766,5.988726,9.57627,18.813594,10.32954
Abnormal,2.73615,7.904898,11.820474,4.987596,14.760114,1.706154,6.071142,5.07246,3.794706,4.915278,23.52171,6.544218
Abnormal,3.014406,8.051574,12.979398,4.716786,14.709522,1.460844,6.299826,5.118462,3.389868,3.257982,20.376642,2.27868
Abnormal,3.279606,7.65561,12.026922,5.022174,10.470708,1.483284,5.217504,5.15967,0.226032,3.992484,21.515982,3.870084
Abnormal,3.665268,7.26342,10.64013,5.70945,4.299504,2.140062,4.265946,5.315322,5.254224,4.08663,28.323972,23.88891
Abnormal,3.86886,7.437126,10.887582,5.891622,0.768876,3.249618,5.172624,5.623056,7.994352,3.201474,20.45202,15.47085
Abnormal,3.795114,7.459464,12.095976,5.115606,1.249398,3.1824,5.801148,5.06532,2.532966,2.504712,19.66101,10.160118
Abnormal,3.717594,7.158768,12.726336,4.47117,2.620176,2.527968,3.909864,4.125594,2.862528,15.442596,7.476498,9.736308
Abnormal,3.561636,7.098996,11.897076,4.927824,4.461378,3.170568,3.277872,4.9215,0.197778,18.813594,16.271142,8.17326
Abnormal,3.708312,7.184064,10.798944,5.702004,8.674998,4.333164,5.123154,6.532182,11.478366,11.478366,30.565014,11.826798
Abnormal,4.17333,7.36236,11.484384,5.984952,13.090884,4.152726,5.646618,6.371838,6.977412,29.76462,14.934126,12.062112
Abnormal,3.96321,7.663056,12.169824,5.929872,14.90679,3.139866,5.179764,5.64315,12.109236,31.544214,28.719426,18.069708
Abnormal,3.479526,7.477212,10.913796,6.045642,13.804068,2.102322,5.302368,5.996886,4.85877,5.809818,22.617684,6.864396
Abnormal,4.081836,6.806766,10.440312,6.470574,10.925934,2.31693,5.011158,6.55452,10.866264,31.280646,19.491486,10.75335
Abnormal,5.233212,6.714252,11.709396,6.845934,8.948154,2.7897,4.504116,5.835318,8.596968,21.290052,23.38044,9.811686
Abnormal,4.956792,7.254036,11.753256,6.831042,9.479268,2.142408,5.743314,5.498106,8.653476,10.160118,25.508466,17.354076
Abnormal,3.894054,7.281168,10.711122,6.872148,10.035678,1.067124,6.434262,6.008616,0.564978,8.568714,12.033858,12.024474
Abnormal,4.253604,6.732,11.18175,7.388574,10.045776,1.735632,5.834094,6.294012,0.63087,3.521652,1.431264,0.546108
Abnormal,4.96332,6.835734,12.375252,7.88256,8.90256,2.769708,5.870712,5.616018,1.148826,6.337056,19.04901,0.160038
Abnormal,4.41609,7.46793,12.488166,7.946004,6.843894,2.519706,6.481488,5.062974,4.2279,17.975562,23.549862,11.967966
Abnormal,4.435776,7.3185,12.251016,8.420406,7.703754,3.302658,6.564006,6.941304,11.845566,2.062134,1.958604,11.61015
Abnormal,5.708532,6.670392,11.793444,9.953772,13.040292,4.620804,4.436898,9.120228,7.410504,17.853162,0.564978,3.342744
Abnormal,6.186708,6.867456,10.986624,11.151864,17.9316,5.096022,3.237786,9.440916,10.97928,1.798464,2.081004,11.139318
Abnormal,5.727198,7.947942,11.488056,11.009982,18.518406,4.708116,6.547482,10.01283,9.340854,2.382312,6.224142,20.207118
Abnormal,5.611428,8.60625,12.354648,10.941744,16.651908,3.611514,8.330238,11.355762,2.66475,10.06587,0.3672,10.583826
Abnormal,6.196908,8.160816,11.128506,12.2043,15.544086,2.748492,5.832972,12.376884,4.4727,3.31449,0.63087,12.937884
Abnormal,6.73761,7.891842,9.438264,13.899234,18.49311,3.484218,5.440272,13.090272,2.306934,1.713702,12.457668,4.293792
Abnormal,6.672228,8.621142,10.019154,14.433408,26.434626,4.322556,7.580334,12.704712,5.574402,9.934086,4.45383,2.372928
Abnormal,6.81513,9.166536,11.79528,13.96839,35.160216,3.87804,8.30076,12.523152,9.802302,6.205272,1.883226,5.772078
Abnormal,7.894698,8.750988,12.235104,14.055192,37.97256,4.186896,7.84686,13.120872,0.197778,15.122418,7.66479,1.68555
Abnormal,8.83881,8.316774,11.08842,14.884452,33.556674,5.93079,7.305648,13.249392,11.779674,1.092318,12.052728,3.68169
Abnormal,8.725794,8.550252,10.381458,15.17301,26.434626,7.121742,8.36094,12.90045,12.269274,4.435062,18.436908,4.444446
Abnormal,8.366244,8.968554,10.984686,14.733186,22.934292,6.337566,8.560146,11.807418,2.495328,21.83616,7.052688,14.491548
Abnormal,8.693052,8.933058,11.081892,14.834982,26.47512,6.35766,6.549828,11.55864,4.660992,19.425594,12.730722,13.954824
Abnormal,9.649302,8.548314,10.454286,15.83601,32.949672,8.48589,7.410606,14.540508,7.862568,7.118682,4.830516,3.267468
Abnormal,10.804554,8.720184,10.82883,16.83612,35.99988,10.242738,9.345444,16.55562,5.677932,12.64596,6.129894,7.448244
Abnormal,10.742844,9.52986,10.986624,17.235858,33.96141,9.152052,8.419896,15.877626,5.903964,10.99815,0.941664,1.80795
Abnormal,9.459786,9.807198,9.765174,16.96974,29.555622,6.532182,8.06616,15.76563,5.10357,11.986836,0.131784,6.24291
Abnormal,9.264558,9.50742,9.771702,16.781958,27.390672,5.856534,8.781894,16.175874,2.137512,16.619574,7.128066,24.934104
Abnormal,10.251714,9.625026,11.44134,17.100402,28.660266,6.659478,8.600232,15.647718,9.039546,16.054596,4.971786,14.491548
Abnormal,10.923078,10.131252,12.322926,17.171394,30.026046,6.73965,9.508134,15.717282,3.19209,14.67984,6.610212,5.301348